/*
Navicat MySQL Data Transfer

Source Server         : 127.0.0.1
Source Server Version : 50718
Source Host           : localhost:3306
Source Database       : newspublish_02

Target Server Type    : MYSQL
Target Server Version : 50718
File Encoding         : 65001

Date: 2017-05-31 15:11:29
*/

SET FOREIGN_KEY_CHECKS=0;

-- ----------------------------
-- Table structure for admins_roles_link
-- ----------------------------
DROP TABLE IF EXISTS `admins_roles_link`;
CREATE TABLE `admins_roles_link` (
  `ADMIN` int(11) NOT NULL,
  `ROLE` int(11) NOT NULL,
  PRIMARY KEY (`ADMIN`,`ROLE`),
  KEY `FK_owslv0jff6goveh1ds7nvaa4e` (`ROLE`),
  CONSTRAINT `FK_9rdtrbxj1l99h68e8d8u232qt` FOREIGN KEY (`ADMIN`) REFERENCES `admins_table` (`ID`),
  CONSTRAINT `FK_owslv0jff6goveh1ds7nvaa4e` FOREIGN KEY (`ROLE`) REFERENCES `roles_table` (`ID`)
) ENGINE=InnoDB DEFAULT CHARSET=utf8;

-- ----------------------------
-- Records of admins_roles_link
-- ----------------------------
INSERT INTO `admins_roles_link` VALUES ('1', '1');
INSERT INTO `admins_roles_link` VALUES ('2', '2');
INSERT INTO `admins_roles_link` VALUES ('3', '3');

-- ----------------------------
-- Table structure for admins_table
-- ----------------------------
DROP TABLE IF EXISTS `admins_table`;
CREATE TABLE `admins_table` (
  `ID` int(11) NOT NULL AUTO_INCREMENT,
  `USERNAME` varchar(255) DEFAULT NULL,
  `PASSWORD` varchar(255) DEFAULT NULL,
  `EMAIL` varchar(255) DEFAULT NULL,
  `ENABLED` bit(1) DEFAULT NULL,
  `LOGIN_FAILURE_COUNT` int(11) DEFAULT NULL,
  `LOCKED_TIME` datetime DEFAULT NULL,
  `LOGIN_TIME` datetime DEFAULT NULL,
  `IP_ADDRESS` varchar(255) DEFAULT NULL,
  `CREATE_TIME` datetime DEFAULT NULL,
  PRIMARY KEY (`ID`)
) ENGINE=InnoDB AUTO_INCREMENT=4 DEFAULT CHARSET=utf8;

-- ----------------------------
-- Records of admins_table
-- ----------------------------
INSERT INTO `admins_table` VALUES ('1', 'admin', 'E1010D123949B1059A11B1456E057F201588314', 'admin@qq.com', '', '0', null, '2017-05-31 14:39:07', '127.0.0.1', '2015-04-04 18:18:15');
INSERT INTO `admins_table` VALUES ('2', 'tom', 'E1010D123949B1059A11B1456E057F201588314', 'tom@126.cn', '\0', '12', '2015-04-06 14:50:27', '2015-04-06 19:02:34', '192.168.0.1', '2015-04-05 19:02:18');
INSERT INTO `admins_table` VALUES ('3', 'jane', 'E1010D123949B1059A11B1456E057F201588314', 'jane@163.com', '', '0', null, '2015-04-07 19:02:00', '154.102.35.42', '2015-04-05 19:02:20');

-- ----------------------------
-- Table structure for comments_table
-- ----------------------------
DROP TABLE IF EXISTS `comments_table`;
CREATE TABLE `comments_table` (
  `ID` int(11) NOT NULL AUTO_INCREMENT,
  `CONTENT` varchar(255) DEFAULT NULL,
  `CREATE_TIME` datetime DEFAULT NULL,
  `IP_ADDRESS` varchar(255) DEFAULT NULL,
  `USER` int(11) DEFAULT NULL,
  `NEWS` int(11) DEFAULT NULL,
  PRIMARY KEY (`ID`),
  KEY `FK_7b76msvc3ukjaktrsrh638nc2` (`USER`),
  KEY `FK_epvuw74qh2tjctd3u07u9dgd3` (`NEWS`),
  CONSTRAINT `FK_7b76msvc3ukjaktrsrh638nc2` FOREIGN KEY (`USER`) REFERENCES `users_table` (`ID`),
  CONSTRAINT `FK_epvuw74qh2tjctd3u07u9dgd3` FOREIGN KEY (`NEWS`) REFERENCES `news_table` (`ID`)
) ENGINE=InnoDB AUTO_INCREMENT=17 DEFAULT CHARSET=utf8;

-- ----------------------------
-- Records of comments_table
-- ----------------------------
INSERT INTO `comments_table` VALUES ('3', '悲剧啊', '2015-04-06 14:24:36', '0:0:0:0:0:0:0:1', '1', '3');
INSERT INTO `comments_table` VALUES ('4', '矿主涉嫌瞒报，实在是太可恶了', '2015-04-06 14:26:40', '0:0:0:0:0:0:0:1', '4', '3');
INSERT INTO `comments_table` VALUES ('5', '有关部门应该要严惩肇事者啊', '2015-04-06 14:28:02', '0:0:0:0:0:0:0:1', '3', '3');
INSERT INTO `comments_table` VALUES ('6', '顶一个，赞赞赞', '2015-05-08 23:28:18', '0:0:0:0:0:0:0:1', '1', '43');
INSERT INTO `comments_table` VALUES ('15', '666', '2017-05-29 17:50:29', '127.0.0.1', '7', '45');
INSERT INTO `comments_table` VALUES ('16', 'hh', '2017-05-29 17:57:54', '127.0.0.1', '7', '45');

-- ----------------------------
-- Table structure for newstypes_table
-- ----------------------------
DROP TABLE IF EXISTS `newstypes_table`;
CREATE TABLE `newstypes_table` (
  `ID` int(11) NOT NULL AUTO_INCREMENT,
  `TYPE_NAME` varchar(255) DEFAULT NULL,
  `INTRODUCTION` varchar(255) DEFAULT NULL,
  `ADMIN` int(11) DEFAULT NULL,
  `CREATE_TIME` datetime DEFAULT NULL,
  PRIMARY KEY (`ID`),
  KEY `FK_nfeoiuamgus0sbst3mfpa7k2m` (`ADMIN`),
  CONSTRAINT `FK_nfeoiuamgus0sbst3mfpa7k2m` FOREIGN KEY (`ADMIN`) REFERENCES `admins_table` (`ID`)
) ENGINE=InnoDB AUTO_INCREMENT=10 DEFAULT CHARSET=utf8;

-- ----------------------------
-- Records of newstypes_table
-- ----------------------------
INSERT INTO `newstypes_table` VALUES ('1', '今日头条', '这里是今日头条栏目的介绍', '1', '2015-04-04 18:47:01');
INSERT INTO `newstypes_table` VALUES ('2', '国际时事', '这里是国际时事栏目的介绍', '1', '2015-04-04 18:57:19');
INSERT INTO `newstypes_table` VALUES ('3', '国内新闻', '这里是国内新闻栏目的介绍', '1', '2015-04-06 13:35:43');
INSERT INTO `newstypes_table` VALUES ('4', '社会万象', '这里是社会万象栏目的介绍', '1', '2015-04-06 13:35:56');
INSERT INTO `newstypes_table` VALUES ('5', '娱乐新闻', '这里是娱乐新闻栏目的介绍', '1', '2015-04-06 13:36:11');
INSERT INTO `newstypes_table` VALUES ('6', '体育新闻', '这里是体育新闻栏目的介绍', '1', '2015-04-06 13:36:23');
INSERT INTO `newstypes_table` VALUES ('7', '军事新闻', '这里是军事新闻栏目的介绍', '1', '2015-04-06 13:37:06');
INSERT INTO `newstypes_table` VALUES ('8', '科技之光', '这里是科技之光栏目的介绍', '1', '2015-04-06 13:37:08');
INSERT INTO `newstypes_table` VALUES ('9', '教育新闻', '这里是教育新闻栏目的介绍', '1', '2015-04-13 18:52:36');

-- ----------------------------
-- Table structure for news_table
-- ----------------------------
DROP TABLE IF EXISTS `news_table`;
CREATE TABLE `news_table` (
  `ID` int(11) NOT NULL AUTO_INCREMENT,
  `TITLE` varchar(255) DEFAULT NULL,
  `AUTHOR` varchar(255) DEFAULT NULL,
  `SOURCE` varchar(255) DEFAULT NULL,
  `KEYWORD` varchar(255) DEFAULT NULL,
  `THUMBNAIL` varchar(255) DEFAULT NULL,
  `CONTENT` mediumtext,
  `CREATE_TIME` datetime DEFAULT NULL,
  `ADMIN` int(11) DEFAULT NULL,
  `NEWS_TYPE` int(11) DEFAULT NULL,
  `STATE` int(11) DEFAULT NULL,
  `COUNT` int(11) DEFAULT NULL,
  PRIMARY KEY (`ID`),
  KEY `FK_p73ferv8197p2fsqgdw7ncpt5` (`ADMIN`),
  KEY `FK_tkvdux3qv7fw4v915tetosx7e` (`NEWS_TYPE`),
  KEY `FK_wqjx6gcn5dcp1tqr8sx4ra1x` (`STATE`),
  CONSTRAINT `FK_p73ferv8197p2fsqgdw7ncpt5` FOREIGN KEY (`ADMIN`) REFERENCES `admins_table` (`ID`),
  CONSTRAINT `FK_tkvdux3qv7fw4v915tetosx7e` FOREIGN KEY (`NEWS_TYPE`) REFERENCES `newstypes_table` (`ID`),
  CONSTRAINT `FK_wqjx6gcn5dcp1tqr8sx4ra1x` FOREIGN KEY (`STATE`) REFERENCES `states_table` (`ID`)
) ENGINE=InnoDB AUTO_INCREMENT=82 DEFAULT CHARSET=utf8;

-- ----------------------------
-- Records of news_table
-- ----------------------------
INSERT INTO `news_table` VALUES ('3', '黑龙江七台河煤矿透水事故已致2人遇难 矿主涉瞒报', 'TOM', '新华社', '煤矿透水、2人遇难', null, '<p>&nbsp;&nbsp;&nbsp; 记者6日从黑龙江省七台河市获悉，经当地安监部门初步核实，5日10时许，七台河市新兴区昌峰煤矿一井发生一起透水事故，目前已确认2人遇难，抢险救援工作正在紧张进行中。</p><p>　　据介绍，事故发生后，矿主涉嫌瞒报，后经群众举报，当地安监及公安等部门经走访调查、咨询相关当事人，最终认定了该起事故的发生，并已确认有2人在事故中遇难。目前，事故原因及遇难人数仍在进一步核查中。(记者梁冬)</p>', '2015-04-06 13:46:10', '1', '1', '3', '16');
INSERT INTO `news_table` VALUES ('5', '习近平年年都去植树今年有啥不一样？', 'TOM', '新华社', '习近平、植树', null, '<p style=\"margin: 5px 0px 0px; padding: 0px 0px 15px; line-height: 30px; text-align: left; text-indent: 2em; color: rgb(0, 0, 0); font-size: 16px; font-family: 宋体, sans-serif; font-style: normal; font-variant: normal; font-weight: normal; letter-spacing: normal; orphans: auto; text-transform: none; white-space: normal; widows: auto; word-spacing: 0px; -webkit-text-stroke-width: 0px; background-color: rgb(255, 255, 255);\">党和国家领导人每年春天都会参加首都的义务植树活动，今年当然也不例外。昨天（4月3日），习近平等集体乘车来到位于北京市朝阳区孙河乡的植树点，同首都群众一起植树。</p><p style=\"margin: 5px 0px 0px; padding: 0px 0px 15px; line-height: 30px; text-align: left; text-indent: 2em; color: rgb(0, 0, 0); font-size: 16px; font-family: 宋体, sans-serif; font-style: normal; font-variant: normal; font-weight: normal; letter-spacing: normal; orphans: auto; text-transform: none; white-space: normal; widows: auto; word-spacing: 0px; -webkit-text-stroke-width: 0px; background-color: rgb(255, 255, 255);\">有媒体统计过，十八大以来，习近平曾60多次谈到生态文明，足见对绿色发展和可持续发展的重视。从2013年到现在的这三个年份里，习主席每次去植树都讲了些什么？植的都是什么树？本文将为您一一梳理。</p><p style=\"margin: 5px 0px 0px; padding: 0px 0px 15px; line-height: 30px; text-align: left; text-indent: 2em; color: rgb(0, 0, 0); font-size: 16px; font-family: 宋体, sans-serif; font-style: normal; font-variant: normal; font-weight: normal; letter-spacing: normal; orphans: auto; text-transform: none; white-space: normal; widows: auto; word-spacing: 0px; -webkit-text-stroke-width: 0px; background-color: rgb(255, 255, 255);\"><strong>每年植树都选在啥时候？</strong></p><p style=\"margin: 5px 0px 0px; padding: 0px 0px 15px; line-height: 30px; text-align: left; text-indent: 2em; color: rgb(0, 0, 0); font-size: 16px; font-family: 宋体, sans-serif; font-style: normal; font-variant: normal; font-weight: normal; letter-spacing: normal; orphans: auto; text-transform: none; white-space: normal; widows: auto; word-spacing: 0px; -webkit-text-stroke-width: 0px; background-color: rgb(255, 255, 255);\">这几年的植树活动，有一些东西几乎是标配。首先，中国的义务植树节虽然定在3月12日，但北京的义务植树活动往往是在四月初，这可能是因为北京在三月中上旬还有点冷，而中国幅员辽阔，南北差异比较大，南方三月初早已春意盎然。另外，3月12日基本上还处在两会时间，领导人都比较忙。</p><p style=\"margin: 5px 0px 0px; padding: 0px 0px 15px; line-height: 30px; text-align: left; text-indent: 2em; color: rgb(0, 0, 0); font-size: 16px; font-family: 宋体, sans-serif; font-style: normal; font-variant: normal; font-weight: normal; letter-spacing: normal; orphans: auto; text-transform: none; white-space: normal; widows: auto; word-spacing: 0px; -webkit-text-stroke-width: 0px; background-color: rgb(255, 255, 255);\"><strong>2013年习近平参加植树活动是在4月2日，2014年是在4月4日，今年则是在4月3日，日子非常接近。再往前梳理5年，日子也都是在4月2日至5日之间，也就是说在清明节前几天植树已经基本成为了规律。</strong>还有一点值得指出的是，出发前往植树的时间都是在上午9点半。</p><p style=\"margin: 5px 0px 0px; padding: 0px 0px 15px; line-height: 30px; text-align: left; text-indent: 2em; color: rgb(0, 0, 0); font-size: 16px; font-family: 宋体,sans-serif; font-style: normal; font-variant: normal; font-weight: normal; letter-spacing: normal; text-transform: none; white-space: normal; word-spacing: 0px; background-color: rgb(255, 255, 255);\">其次，每次前往植树都是集体乘车，七常委集体乘坐中巴车前往植树点，这本身也体现了节能环保的绿色理念。至于每次植树都会有少先队员一起，那肯定是少不了的，这当然也是为了让年轻一代从小就有绿化意识。</p>', '2015-04-06 14:06:36', '1', '3', '1', '22');
INSERT INTO `news_table` VALUES ('6', '今天出门杭州市区“好”走景区仍限行', 'TOM', '新华社', '杭州、景区限行', null, '<p style=\"text-indent: 2em;\"><strong>高速路返程高峰集中在15时至20时 请注意避峰</strong></p><p style=\"text-indent: 2em;\">三天的清明小长假一眨眼就要过去了，不少外出踏青扫墓的市民该回家准备上班了，高速交警提醒，返程高峰时段集中在今天下午3时至8时，届时杭甬高速、杭宁高速等都有可能出现排队缓行的情况，出行前一定要做好功课，及时收听广播了解路况信息。</p><p style=\"text-indent: 2em;\"><strong>昨天正清明</strong></p><p style=\"text-indent: 2em;\"><strong>市区各大墓区都很忙</strong></p><p style=\"text-indent: 2em;\">杭州交警说，昨天是正清明，杭州的各大墓区是最热闹的地方，也算是到了扫墓的高峰。早上8点开始，包括南山公墓、半山公墓、钱江陵园、石马公墓等公墓周边的道路就开始出现车辆排队的情况，各个公墓的停车也已经饱和，这样热闹的场面持续到了下午3点后才开始“降温”，通行逐步恢复到正常情况。</p><p style=\"text-indent: 2em;\">相比墓区周边，今天景区和市区的情况都算是比较平稳的了。景区北线单循环甚至在中午12点就已经取消了，同时商圈周边的道路和中河高架，也跟前一天差不多。</p><p style=\"text-indent: 2em;\">杭州交警提醒，尽管今天是星期一，不过还是清明小长假的最后一天，市区内不实行“错峰限行”，但今天景区还是限行的，只允许尾号为双数的机动车通行。</p><p style=\"text-indent: 2em;\"><strong>高速今天开始返程</strong></p><p style=\"text-indent: 2em;\"><strong>注意避开高峰</strong></p><p style=\"text-indent: 2em;\">这几天通过高速出行的市民一定还有点印象，清明小长假的第一天，部分路段的高速堵得真是动都动不了，刷个朋友圈，状态基本都是“堵、堵、堵”。夸张的地方，比如杭金衢高速，甚至排队缓行超过20公里。</p><p style=\"text-indent: 2em;\">高速交警提醒，今天市区进、出城的主要道路，杭州绕城高速和省内部分高速公路都将迎来返程交通流高峰，返程高峰时段将集中在今天下午3时至8时，届时几条大的高速动脉，比如杭甬高速，杭宁高速，杭金衢绍兴段、金华段（特别是新岭隧道一线），甬台温高速吴岙枢纽段、温州南至飞云段，都有可能出现排队缓行的情况。</p><p style=\"text-indent: 2em;\">如果车主们不想像小长假第一天那样被堵在路上，出行前一定要及时收听广播了解路况信息。另外，需要提醒的是，各高速公路入口将提前2小时（即今天22点）重新开始发放通行卡。如果免费时间即将结束还没到达目的地，可从就近出口下高速，重新拿卡后再上高速。</p>', '2015-04-06 14:08:06', '1', '1', '1', '30');
INSERT INTO `news_table` VALUES ('7', '肯尼亚对大学袭击幕后策划者发动全球通缉，此前已悬赏捉拿', 'TOM', '新华社', '肯尼亚、袭击幕后策划者、通缉', null, '<p style=\"text-align: left;\"><span style=\"margin: 0px; padding: 0px; border: 0px; font-size: 16px; line-height: 28px; font-family: 微软雅黑; font-style: normal; font-variant: normal; font-weight: normal; letter-spacing: normal; orphans: auto; text-align: start; text-indent: 0px; text-transform: none; white-space: normal; widows: auto; word-spacing: 0px; -webkit-text-stroke-width: 0px; color: rgb(128, 128, 128); background-color: rgb(255, 255, 255);\">肯尼亚内政部对加里萨莫伊大学袭击案幕后凶手,“青年党”当地头目穆罕默德·马哈茂德发起全球通缉。</span><br style=\"margin: 0px; padding: 0px; font-size: 16px; line-height: 28px; color: rgb(0, 0, 0); font-family: 微软雅黑; font-style: normal; font-variant: normal; font-weight: normal; letter-spacing: normal; text-align: left; text-indent: 0px; text-transform: none; white-space: normal; word-spacing: 0px; background-color: rgb(255, 255, 255);\"/><span style=\"color: rgb(0, 0, 0); font-family: 微软雅黑; font-size: 16px; font-style: normal; font-variant: normal; font-weight: normal; letter-spacing: normal; line-height: 28px; orphans: auto; text-align: start; text-indent: 0px; text-transform: none; white-space: normal; widows: auto; word-spacing: 0px; -webkit-text-stroke-width: 0px; display: inline !important; float: none; background-color: rgb(255, 255, 255);\">&nbsp;&nbsp;&nbsp;&nbsp;&nbsp;&nbsp;&nbsp;&nbsp;肯尼亚政府近日正式确认加里萨莫伊大学袭击案的幕后凶手为“青年党”当地头目穆罕默德·马哈茂德（Mohamed Mohamud），并对其发起全球通缉。此前，肯尼亚内政部宣布悬赏21500美金捉拿此人。</span><br style=\"margin: 0px; padding: 0px; font-size: 16px; line-height: 28px; color: rgb(0, 0, 0); font-family: 微软雅黑; font-style: normal; font-variant: normal; font-weight: normal; letter-spacing: normal; text-align: left; text-indent: 0px; text-transform: none; white-space: normal; word-spacing: 0px; background-color: rgb(255, 255, 255);\"/><span style=\"color: rgb(0, 0, 0); font-family: 微软雅黑; font-size: 16px; font-style: normal; font-variant: normal; font-weight: normal; letter-spacing: normal; line-height: 28px; orphans: auto; text-align: start; text-indent: 0px; text-transform: none; white-space: normal; widows: auto; word-spacing: 0px; -webkit-text-stroke-width: 0px; display: inline !important; float: none; background-color: rgb(255, 255, 255);\">&nbsp;&nbsp;&nbsp;&nbsp;&nbsp;&nbsp;&nbsp;&nbsp;2015年4月2日，肯尼亚东北部加里萨市的莫伊大学遭到一伙武装人员的袭击，造成148人死亡。这是肯尼亚自2011年派军进入索马里围剿“青年党”以来，该国遭受的最严重恐怖袭击。</span><br style=\"margin: 0px; padding: 0px; font-size: 16px; line-height: 28px; color: rgb(0, 0, 0); font-family: 微软雅黑; font-style: normal; font-variant: normal; font-weight: normal; letter-spacing: normal; text-align: left; text-indent: 0px; text-transform: none; white-space: normal; word-spacing: 0px; background-color: rgb(255, 255, 255);\"/><span style=\"color: rgb(0, 0, 0); font-family: 微软雅黑; font-size: 16px; font-style: normal; font-variant: normal; font-weight: normal; letter-spacing: normal; line-height: 28px; orphans: auto; text-align: start; text-indent: 0px; text-transform: none; white-space: normal; widows: auto; word-spacing: 0px; -webkit-text-stroke-width: 0px; display: inline !important; float: none; background-color: rgb(255, 255, 255);\">&nbsp;&nbsp;&nbsp;&nbsp;&nbsp;&nbsp;&nbsp; 青年党”事后宣布对此事负责，并宣称将发动更加血腥的袭击。</span><br style=\"margin: 0px; padding: 0px; font-size: 16px; line-height: 28px; color: rgb(0, 0, 0); font-family: 微软雅黑; font-style: normal; font-variant: normal; font-weight: normal; letter-spacing: normal; text-align: left; text-indent: 0px; text-transform: none; white-space: normal; word-spacing: 0px; background-color: rgb(255, 255, 255);\"/><strong style=\"margin: 0px; padding: 0px; font-size: 16px; line-height: 28px; color: rgb(0, 0, 0); font-family: 微软雅黑; font-style: normal; font-variant: normal; letter-spacing: normal; orphans: auto; text-align: start; text-indent: 0px; text-transform: none; white-space: normal; widows: auto; word-spacing: 0px; -webkit-text-stroke-width: 0px; background-color: rgb(255, 255, 255);\">谁是马哈茂德？</strong><span style=\"color: rgb(0, 0, 0); font-family: 微软雅黑; font-size: 16px; font-style: normal; font-variant: normal; font-weight: normal; letter-spacing: normal; line-height: 28px; orphans: auto; text-align: start; text-indent: 0px; text-transform: none; white-space: normal; widows: auto; word-spacing: 0px; -webkit-text-stroke-width: 0px; display: inline !important; float: none; background-color: rgb(255, 255, 255);\">&nbsp; &nbsp; &nbsp;&nbsp;</span><span style=\"color: rgb(0, 0, 0); font-family: 微软雅黑; font-size: 16px; font-style: normal; font-variant: normal; font-weight: normal; letter-spacing: normal; line-height: 28px; orphans: auto; text-align: start; text-indent: 0px; text-transform: none; white-space: normal; widows: auto; word-spacing: 0px; -webkit-text-stroke-width: 0px; display: inline !important; float: none; background-color: rgb(255, 255, 255);\">&nbsp;&nbsp;&nbsp;&nbsp;&nbsp;&nbsp;&nbsp; <br/></span></p><p style=\"text-align: left;\"><span style=\"color: rgb(0, 0, 0); font-family: 微软雅黑; font-size: 16px; font-style: normal; font-variant: normal; font-weight: normal; letter-spacing: normal; line-height: 28px; orphans: auto; text-align: start; text-indent: 0px; text-transform: none; white-space: normal; widows: auto; word-spacing: 0px; -webkit-text-stroke-width: 0px; display: inline !important; float: none; background-color: rgb(255, 255, 255);\">马哈茂德此前便被肯尼亚当局怀疑是幕后凶手，因为他曾对11月在肯尼亚马卡市发生的巴士遇袭导致28人死亡的事件承担责任。</span><br style=\"margin: 0px; padding: 0px; font-size: 16px; line-height: 28px; color: rgb(0, 0, 0); font-family: 微软雅黑; font-style: normal; font-variant: normal; font-weight: normal; letter-spacing: normal; text-align: left; text-indent: 0px; text-transform: none; white-space: normal; word-spacing: 0px; background-color: rgb(255, 255, 255);\"/><span style=\"color: rgb(0, 0, 0); font-family: 微软雅黑; font-size: 16px; font-style: normal; font-variant: normal; font-weight: normal; letter-spacing: normal; line-height: 28px; orphans: auto; text-align: start; text-indent: 0px; text-transform: none; white-space: normal; widows: auto; word-spacing: 0px; -webkit-text-stroke-width: 0px; display: inline !important; float: none; background-color: rgb(255, 255, 255);\">&nbsp;&nbsp;&nbsp;&nbsp;&nbsp;&nbsp;&nbsp;&nbsp;马哈茂德拥有多个别名，例如库诺（Kuno）、杜里阿丁（Dulyadin）和加马德希里（Gamadhere）。</span><br style=\"margin: 0px; padding: 0px; font-size: 16px; line-height: 28px; color: rgb(0, 0, 0); font-family: 微软雅黑; font-style: normal; font-variant: normal; font-weight: normal; letter-spacing: normal; text-align: left; text-indent: 0px; text-transform: none; white-space: normal; word-spacing: 0px; background-color: rgb(255, 255, 255);\"/><span style=\"color: rgb(0, 0, 0); font-family: 微软雅黑; font-size: 16px; font-style: normal; font-variant: normal; font-weight: normal; letter-spacing: normal; line-height: 28px; orphans: auto; text-align: start; text-indent: 0px; text-transform: none; white-space: normal; widows: auto; word-spacing: 0px; -webkit-text-stroke-width: 0px; display: inline !important; float: none; background-color: rgb(255, 255, 255);\">&nbsp;&nbsp;&nbsp;&nbsp;&nbsp;&nbsp;&nbsp;&nbsp;“我们恳求任何拥有加马德希里情报的人能够与当局和安全机构分享情报”，肯尼亚内政部在推特上表示。</span><br style=\"margin: 0px; padding: 0px; font-size: 16px; line-height: 28px; color: rgb(0, 0, 0); font-family: 微软雅黑; font-style: normal; font-variant: normal; font-weight: normal; letter-spacing: normal; text-align: left; text-indent: 0px; text-transform: none; white-space: normal; word-spacing: 0px; background-color: rgb(255, 255, 255);\"/><span style=\"color: rgb(0, 0, 0); font-family: 微软雅黑; font-size: 16px; font-style: normal; font-variant: normal; font-weight: normal; letter-spacing: normal; line-height: 28px; orphans: auto; text-align: start; text-indent: 0px; text-transform: none; white-space: normal; widows: auto; word-spacing: 0px; -webkit-text-stroke-width: 0px; display: inline !important; float: none; background-color: rgb(255, 255, 255);\">&nbsp;&nbsp;&nbsp;&nbsp;&nbsp;&nbsp;&nbsp;&nbsp;根据CNN报道，肯尼亚内政部表示，马哈茂德“因为在肯尼亚境内拥有庞大的恐怖组织网络而被人熟知”。此前，“青年党”发动的多个重大恐怖袭击中，马哈茂德都宣称负责。</span><br style=\"margin: 0px; padding: 0px; font-size: 16px; line-height: 28px; color: rgb(0, 0, 0); font-family: 微软雅黑; font-style: normal; font-variant: normal; font-weight: normal; letter-spacing: normal; text-align: left; text-indent: 0px; text-transform: none; white-space: normal; word-spacing: 0px; background-color: rgb(255, 255, 255);\"/><span style=\"color: rgb(0, 0, 0); font-family: 微软雅黑; font-size: 16px; font-style: normal; font-variant: normal; font-weight: normal; letter-spacing: normal; line-height: 28px; orphans: auto; text-align: start; text-indent: 0px; text-transform: none; white-space: normal; widows: auto; word-spacing: 0px; -webkit-text-stroke-width: 0px; display: inline !important; float: none; background-color: rgb(255, 255, 255);\">&nbsp;&nbsp;&nbsp;&nbsp;&nbsp;&nbsp;&nbsp;&nbsp;内政部表示，2007年前，马哈茂德曾是肯尼亚加里萨一所宗教学校的校长。随后，他偷渡到索马里，加入了曾一度控制索马里的伊斯兰法庭联盟（UIC）。当UIC在多国打击下逐渐解散后，他又加入了武装组织伊斯兰党（Hizbul Islam），该组织于2010年并入“青年党”。</span><br style=\"margin: 0px; padding: 0px; font-size: 16px; line-height: 28px; color: rgb(0, 0, 0); font-family: 微软雅黑; font-style: normal; font-variant: normal; font-weight: normal; letter-spacing: normal; text-align: left; text-indent: 0px; text-transform: none; white-space: normal; word-spacing: 0px; background-color: rgb(255, 255, 255);\"/><span style=\"color: rgb(0, 0, 0); font-family: 微软雅黑; font-size: 16px; font-style: normal; font-variant: normal; font-weight: normal; letter-spacing: normal; line-height: 28px; orphans: auto; text-align: start; text-indent: 0px; text-transform: none; white-space: normal; widows: auto; word-spacing: 0px; -webkit-text-stroke-width: 0px; display: inline !important; float: none; background-color: rgb(255, 255, 255);\">&nbsp;&nbsp;&nbsp;&nbsp;&nbsp;&nbsp;&nbsp;&nbsp;这份文件称，马哈茂德拥有三个妻子，三个兄弟姐妹，其中包括两名“青年党”成员。他是“青年党”朱巴兰（Jubaland）地区一名武装头目，主要负责“跨国袭击”。</span><br style=\"margin: 0px; padding: 0px; font-size: 16px; line-height: 28px; color: rgb(0, 0, 0); font-family: 微软雅黑; font-style: normal; font-variant: normal; font-weight: normal; letter-spacing: normal; text-align: left; text-indent: 0px; text-transform: none; white-space: normal; word-spacing: 0px; background-color: rgb(255, 255, 255);\"/><span style=\"color: rgb(0, 0, 0); font-family: 微软雅黑; font-size: 16px; font-style: normal; font-variant: normal; font-weight: normal; letter-spacing: normal; line-height: 28px; orphans: auto; text-align: start; text-indent: 0px; text-transform: none; white-space: normal; widows: auto; word-spacing: 0px; -webkit-text-stroke-width: 0px; display: inline !important; float: none; background-color: rgb(255, 255, 255);\">&nbsp;&nbsp;&nbsp;&nbsp;&nbsp;&nbsp;&nbsp;&nbsp;BBC称，马哈茂德在“青年党”中是有名的强硬分子。</span><br style=\"margin: 0px; padding: 0px; font-size: 16px; line-height: 28px; color: rgb(0, 0, 0); font-family: 微软雅黑; font-style: normal; font-variant: normal; font-weight: normal; letter-spacing: normal; text-align: left; text-indent: 0px; text-transform: none; white-space: normal; word-spacing: 0px; background-color: rgb(255, 255, 255);\"/><strong style=\"margin: 0px; padding: 0px; font-size: 16px; line-height: 28px; color: rgb(0, 0, 0); font-family: 微软雅黑; font-style: normal; font-variant: normal; letter-spacing: normal; orphans: auto; text-align: start; text-indent: 0px; text-transform: none; white-space: normal; widows: auto; word-spacing: 0px; -webkit-text-stroke-width: 0px; background-color: rgb(255, 255, 255);\">一名枪手是“官二代”、法学院高材生</strong><br style=\"margin: 0px; padding: 0px; font-size: 16px; line-height: 28px; color: rgb(0, 0, 0); font-family: 微软雅黑; font-style: normal; font-variant: normal; font-weight: normal; letter-spacing: normal; text-align: left; text-indent: 0px; text-transform: none; white-space: normal; word-spacing: 0px; background-color: rgb(255, 255, 255);\"/><span style=\"color: rgb(0, 0, 0); font-family: 微软雅黑; font-size: 16px; font-style: normal; font-variant: normal; font-weight: normal; letter-spacing: normal; line-height: 28px; orphans: auto; text-align: start; text-indent: 0px; text-transform: none; white-space: normal; widows: auto; word-spacing: 0px; -webkit-text-stroke-width: 0px; display: inline !important; float: none; background-color: rgb(255, 255, 255);\">&nbsp;&nbsp;&nbsp;&nbsp;&nbsp;&nbsp;&nbsp;&nbsp;同一天，肯尼亚政府还证实，已确定在肯尼亚加里萨莫伊大学袭击案中被警方击毙的一名枪手身份。</span><br style=\"margin: 0px; padding: 0px; font-size: 16px; line-height: 28px; color: rgb(0, 0, 0); font-family: 微软雅黑; font-style: normal; font-variant: normal; font-weight: normal; letter-spacing: normal; text-align: left; text-indent: 0px; text-transform: none; white-space: normal; word-spacing: 0px; background-color: rgb(255, 255, 255);\"/><span style=\"color: rgb(0, 0, 0); font-family: 微软雅黑; font-size: 16px; font-style: normal; font-variant: normal; font-weight: normal; letter-spacing: normal; line-height: 28px; orphans: auto; text-align: start; text-indent: 0px; text-transform: none; white-space: normal; widows: auto; word-spacing: 0px; -webkit-text-stroke-width: 0px; display: inline !important; float: none; background-color: rgb(255, 255, 255);\">&nbsp;&nbsp;&nbsp;&nbsp;&nbsp;&nbsp;&nbsp;&nbsp;新华社报道称，肯尼亚内政部发言人恩乔卡说，这名袭击者名为阿卜杜拉希，是肯尼亚索马里族人。阿卜杜拉希毕业于内罗毕大学法学院，父亲是肯北部曼德拉郡的一名地方长官。</span><br style=\"margin: 0px; padding: 0px; font-size: 16px; line-height: 28px; color: rgb(0, 0, 0); font-family: 微软雅黑; font-style: normal; font-variant: normal; font-weight: normal; letter-spacing: normal; text-align: left; text-indent: 0px; text-transform: none; white-space: normal; word-spacing: 0px; background-color: rgb(255, 255, 255);\"/><span style=\"color: rgb(0, 0, 0); font-family: 微软雅黑; font-size: 16px; font-style: normal; font-variant: normal; font-weight: normal; letter-spacing: normal; line-height: 28px; orphans: auto; text-align: start; text-indent: 0px; text-transform: none; white-space: normal; widows: auto; word-spacing: 0px; -webkit-text-stroke-width: 0px; display: inline !important; float: none; background-color: rgb(255, 255, 255);\">&nbsp;&nbsp;&nbsp;&nbsp;&nbsp;&nbsp;&nbsp;&nbsp;据悉，自2013年以来，阿卜杜拉希的家人和朋友一直无法与他取得联系。警方曾怀疑他加入了索马里“青年党”。</span><br style=\"margin: 0px; padding: 0px; font-size: 16px; line-height: 28px; color: rgb(0, 0, 0); font-family: 微软雅黑; font-style: normal; font-variant: normal; font-weight: normal; letter-spacing: normal; text-align: left; text-indent: 0px; text-transform: none; white-space: normal; word-spacing: 0px; background-color: rgb(255, 255, 255);\"/><span style=\"color: rgb(0, 0, 0); font-family: 微软雅黑; font-size: 16px; font-style: normal; font-variant: normal; font-weight: normal; letter-spacing: normal; line-height: 28px; orphans: auto; text-align: start; text-indent: 0px; text-transform: none; white-space: normal; widows: auto; word-spacing: 0px; -webkit-text-stroke-width: 0px; display: inline !important; float: none; background-color: rgb(255, 255, 255);\">&nbsp;&nbsp;&nbsp;&nbsp;&nbsp;&nbsp;&nbsp;&nbsp;恩乔卡曾在推特上援引内政部长约瑟夫·尼凯瑟利的话说，警方在肯尼亚至索马里边境逮捕了3名与袭击事件有关的嫌疑人。据悉，这3人均与一个名叫加马德赫雷的“青年党”高级头目有联系。</span><br style=\"margin: 0px; padding: 0px; font-size: 16px; line-height: 28px; color: rgb(0, 0, 0); font-family: 微软雅黑; font-style: normal; font-variant: normal; font-weight: normal; letter-spacing: normal; text-align: left; text-indent: 0px; text-transform: none; white-space: normal; word-spacing: 0px; background-color: rgb(255, 255, 255);\"/><span style=\"color: rgb(0, 0, 0); font-family: 微软雅黑; font-size: 16px; font-style: normal; font-variant: normal; font-weight: normal; letter-spacing: normal; line-height: 28px; orphans: auto; text-align: start; text-indent: 0px; text-transform: none; white-space: normal; widows: auto; word-spacing: 0px; -webkit-text-stroke-width: 0px; display: inline !important; float: none; background-color: rgb(255, 255, 255);\">&nbsp;&nbsp;&nbsp;&nbsp;&nbsp;&nbsp;&nbsp;&nbsp;“青年党”4月2日对这一大学造成的袭击，造成148人死亡，包括142名学生、3名警察和3名士兵。警方在营救过程中击毙4名恐怖分子。</span><br style=\"margin: 0px; padding: 0px; font-size: 16px; line-height: 28px; color: rgb(0, 0, 0); font-family: 微软雅黑; font-style: normal; font-variant: normal; font-weight: normal; letter-spacing: normal; text-align: left; text-indent: 0px; text-transform: none; white-space: normal; word-spacing: 0px; background-color: rgb(255, 255, 255);\"/><span style=\"color: rgb(0, 0, 0); font-family: 微软雅黑; font-size: 16px; font-style: normal; font-variant: normal; font-weight: normal; letter-spacing: normal; line-height: 28px; orphans: auto; text-align: start; text-indent: 0px; text-transform: none; white-space: normal; widows: auto; word-spacing: 0px; -webkit-text-stroke-width: 0px; display: inline !important; float: none; background-color: rgb(255, 255, 255);\">&nbsp;&nbsp;&nbsp;&nbsp;&nbsp;&nbsp;&nbsp;&nbsp;恩乔卡表示肯政府已派遣人力设法避免此类袭击再次发生，“只要有任何有关袭击的情报，我们都将采取行动设法避免”。</span><br style=\"margin: 0px; padding: 0px; font-size: 16px; line-height: 28px; color: rgb(0, 0, 0); font-family: 微软雅黑; font-style: normal; font-variant: normal; font-weight: normal; letter-spacing: normal; text-align: left; text-indent: 0px; text-transform: none; white-space: normal; word-spacing: 0px; background-color: rgb(255, 255, 255);\"/><span style=\"color: rgb(0, 0, 0); font-family: 微软雅黑; font-size: 16px; font-style: normal; font-variant: normal; font-weight: normal; letter-spacing: normal; line-height: 28px; orphans: auto; text-align: start; text-indent: 0px; text-transform: none; white-space: normal; widows: auto; word-spacing: 0px; -webkit-text-stroke-width: 0px; display: inline !important; float: none; background-color: rgb(255, 255, 255);\">&nbsp;&nbsp;&nbsp;&nbsp;&nbsp;&nbsp;&nbsp;&nbsp;肯尼亚总统乌胡鲁·肯雅塔4月4日在电视上发表讲话说，“定会用最严厉的手段”对加里萨大学事件进行还击，“政府将动用可以使用的所有手段将犯罪分子绳之以法，并将全力搜捕此次袭击事件的幕后策划者。”</span><br style=\"margin: 0px; padding: 0px; font-size: 16px; line-height: 28px; color: rgb(0, 0, 0); font-family: 微软雅黑; font-style: normal; font-variant: normal; font-weight: normal; letter-spacing: normal; text-align: left; text-indent: 0px; text-transform: none; white-space: normal; word-spacing: 0px; background-color: rgb(255, 255, 255);\"/><strong style=\"margin: 0px; padding: 0px; font-size: 16px; line-height: 28px; color: rgb(0, 0, 0); font-family: 微软雅黑; font-style: normal; font-variant: normal; letter-spacing: normal; orphans: auto; text-align: start; text-indent: 0px; text-transform: none; white-space: normal; widows: auto; word-spacing: 0px; -webkit-text-stroke-width: 0px; background-color: rgb(255, 255, 255);\">青年党——比肩ISIS的血腥恐怖组织</strong><br style=\"margin: 0px; padding: 0px; font-size: 16px; line-height: 28px; color: rgb(0, 0, 0); font-family: 微软雅黑; font-style: normal; font-variant: normal; font-weight: normal; letter-spacing: normal; text-align: left; text-indent: 0px; text-transform: none; white-space: normal; word-spacing: 0px; background-color: rgb(255, 255, 255);\"/><span style=\"color: rgb(0, 0, 0); font-family: 微软雅黑; font-size: 16px; font-style: normal; font-variant: normal; font-weight: normal; letter-spacing: normal; line-height: 28px; orphans: auto; text-align: start; text-indent: 0px; text-transform: none; white-space: normal; widows: auto; word-spacing: 0px; -webkit-text-stroke-width: 0px; display: inline !important; float: none; background-color: rgb(255, 255, 255);\">&nbsp;&nbsp;&nbsp;&nbsp;&nbsp;&nbsp;&nbsp;&nbsp;这一震惊世人的恐怖袭击幕后策动者——恐怖组织“青年党”的不断壮大也另外界愈发担忧。</span><br style=\"margin: 0px; padding: 0px; font-size: 16px; line-height: 28px; color: rgb(0, 0, 0); font-family: 微软雅黑; font-style: normal; font-variant: normal; font-weight: normal; letter-spacing: normal; text-align: left; text-indent: 0px; text-transform: none; white-space: normal; word-spacing: 0px; background-color: rgb(255, 255, 255);\"/><span style=\"color: rgb(0, 0, 0); font-family: 微软雅黑; font-size: 16px; font-style: normal; font-variant: normal; font-weight: normal; letter-spacing: normal; line-height: 28px; orphans: auto; text-align: start; text-indent: 0px; text-transform: none; white-space: normal; widows: auto; word-spacing: 0px; -webkit-text-stroke-width: 0px; display: inline !important; float: none; background-color: rgb(255, 255, 255);\">&nbsp;&nbsp;&nbsp;&nbsp;&nbsp;&nbsp;&nbsp;&nbsp;索马里“青年党”是一个与“基地”组织有关联的宗教极端组织。实际上，近年来每隔数月，“青年党”就会用一种震惊世人的方式屠杀一批“异教”的肯尼亚人，手段之残忍世所罕见。</span><br style=\"margin: 0px; padding: 0px; font-size: 16px; line-height: 28px; color: rgb(0, 0, 0); font-family: 微软雅黑; font-style: normal; font-variant: normal; font-weight: normal; letter-spacing: normal; text-align: left; text-indent: 0px; text-transform: none; white-space: normal; word-spacing: 0px; background-color: rgb(255, 255, 255);\"/><span style=\"color: rgb(0, 0, 0); font-family: 微软雅黑; font-size: 16px; font-style: normal; font-variant: normal; font-weight: normal; letter-spacing: normal; line-height: 28px; orphans: auto; text-align: start; text-indent: 0px; text-transform: none; white-space: normal; widows: auto; word-spacing: 0px; -webkit-text-stroke-width: 0px; display: inline !important; float: none; background-color: rgb(255, 255, 255);\">&nbsp;&nbsp;&nbsp;&nbsp;&nbsp;&nbsp;&nbsp;&nbsp;2013年，“青年党”一伙持枪武装人员前往肯尼亚首都内罗毕韦斯特盖特购物中心肆意开枪射杀，造成至少67人遇难，200多人受伤，遇难者包括一名中国女性。</span><br style=\"margin: 0px; padding: 0px; font-size: 16px; line-height: 28px; color: rgb(0, 0, 0); font-family: 微软雅黑; font-style: normal; font-variant: normal; font-weight: normal; letter-spacing: normal; text-align: left; text-indent: 0px; text-transform: none; white-space: normal; word-spacing: 0px; background-color: rgb(255, 255, 255);\"/><span style=\"color: rgb(0, 0, 0); font-family: 微软雅黑; font-size: 16px; font-style: normal; font-variant: normal; font-weight: normal; letter-spacing: normal; line-height: 28px; orphans: auto; text-align: start; text-indent: 0px; text-transform: none; white-space: normal; widows: auto; word-spacing: 0px; -webkit-text-stroke-width: 0px; display: inline !important; float: none; background-color: rgb(255, 255, 255);\">&nbsp;&nbsp;&nbsp;&nbsp;&nbsp;&nbsp;&nbsp;&nbsp;2014年6月，一伙武装人员驾车前往肯尼亚沿海城市佩凯托尼的姆佩凯托尼镇，下车便立即开始射杀，这一事件造成48人死亡。“青年党”也被肯尼亚政府认为是幕后凶手。</span><br style=\"margin: 0px; padding: 0px; font-size: 16px; line-height: 28px; color: rgb(0, 0, 0); font-family: 微软雅黑; font-style: normal; font-variant: normal; font-weight: normal; letter-spacing: normal; text-align: left; text-indent: 0px; text-transform: none; white-space: normal; word-spacing: 0px; background-color: rgb(255, 255, 255);\"/><span style=\"color: rgb(0, 0, 0); font-family: 微软雅黑; font-size: 16px; font-style: normal; font-variant: normal; font-weight: normal; letter-spacing: normal; line-height: 28px; orphans: auto; text-align: start; text-indent: 0px; text-transform: none; white-space: normal; widows: auto; word-spacing: 0px; -webkit-text-stroke-width: 0px; display: inline !important; float: none; background-color: rgb(255, 255, 255);\">&nbsp;&nbsp;&nbsp;&nbsp;&nbsp;&nbsp;&nbsp;&nbsp;11月22日，“青年党”于肯尼亚北部劫持了一辆前往首都内罗毕的巴士，造成至少28名平民死亡。12月2日凌晨，该组织对肯尼亚索马里边境城市曼德拉一采石场发动恐怖袭击，导致至少36名平民死亡。在这次袭击中，“青年党”成员将非穆斯林采石工人找出来，一一射杀掉。</span><br style=\"margin: 0px; padding: 0px; font-size: 16px; line-height: 28px; color: rgb(0, 0, 0); font-family: 微软雅黑; font-style: normal; font-variant: normal; font-weight: normal; letter-spacing: normal; text-align: left; text-indent: 0px; text-transform: none; white-space: normal; word-spacing: 0px; background-color: rgb(255, 255, 255);\"/><span style=\"color: rgb(0, 0, 0); font-family: 微软雅黑; font-size: 16px; font-style: normal; font-variant: normal; font-weight: normal; letter-spacing: normal; line-height: 28px; orphans: auto; text-align: start; text-indent: 0px; text-transform: none; white-space: normal; widows: auto; word-spacing: 0px; -webkit-text-stroke-width: 0px; display: inline !important; float: none; background-color: rgb(255, 255, 255);\">&nbsp;&nbsp;&nbsp;&nbsp;&nbsp;&nbsp;&nbsp;&nbsp;1991年以来，索马里长期处于无政府状态，2004年初成立的“青年党”，因在混乱局势中承诺为当地人提供安全而获得支持，势力不断壮大，一度控制索马里中南部大部分地区。2008年，前任领导人也死于美军空袭中。此后，该组织多次宣布效忠“基地”组织。</span><br style=\"margin: 0px; padding: 0px; font-size: 16px; line-height: 28px; color: rgb(0, 0, 0); font-family: 微软雅黑; font-style: normal; font-variant: normal; font-weight: normal; letter-spacing: normal; text-align: left; text-indent: 0px; text-transform: none; white-space: normal; word-spacing: 0px; background-color: rgb(255, 255, 255);\"/><span style=\"color: rgb(0, 0, 0); font-family: 微软雅黑; font-size: 16px; font-style: normal; font-variant: normal; font-weight: normal; letter-spacing: normal; line-height: 28px; orphans: auto; text-align: start; text-indent: 0px; text-transform: none; white-space: normal; widows: auto; word-spacing: 0px; -webkit-text-stroke-width: 0px; display: inline !important; float: none; background-color: rgb(255, 255, 255);\">&nbsp;&nbsp;&nbsp;&nbsp;&nbsp;&nbsp;&nbsp;&nbsp;2011年，肯尼亚以北部旅游胜地频遭越境袭击为由，向邻国索马里出兵，将“青年党”的根据地摧毁。随后，由于非盟以及联合国维和人员大量进驻索马里，“青年党”一度陷入低潮，这也让其与肯尼亚结成了“世仇”。</span><br style=\"margin: 0px; padding: 0px; font-size: 16px; line-height: 28px; color: rgb(0, 0, 0); font-family: 微软雅黑; font-style: normal; font-variant: normal; font-weight: normal; letter-spacing: normal; text-align: left; text-indent: 0px; text-transform: none; white-space: normal; word-spacing: 0px; background-color: rgb(255, 255, 255);\"/><span style=\"color: rgb(0, 0, 0); font-family: 微软雅黑; font-size: 16px; font-style: normal; font-variant: normal; font-weight: normal; letter-spacing: normal; line-height: 28px; orphans: auto; text-align: start; text-indent: 0px; text-transform: none; white-space: normal; widows: auto; word-spacing: 0px; -webkit-text-stroke-width: 0px; display: inline !important; float: none; background-color: rgb(255, 255, 255);\">&nbsp;&nbsp;&nbsp;&nbsp;&nbsp;&nbsp;&nbsp;&nbsp;上周的震惊全球的恐怖袭击发生之后，“青年党”发布声明称，对肯尼亚的袭击“远未结束”，宣称要将肯尼亚变成“血海”。</span><br style=\"margin: 0px; padding: 0px; font-size: 16px; line-height: 28px; color: rgb(0, 0, 0); font-family: 微软雅黑; font-style: normal; font-variant: normal; font-weight: normal; letter-spacing: normal; text-align: left; text-indent: 0px; text-transform: none; white-space: normal; word-spacing: 0px; background-color: rgb(255, 255, 255);\"/><span style=\"color: rgb(0, 0, 0); font-family: 微软雅黑; font-size: 16px; font-style: normal; font-variant: normal; font-weight: normal; letter-spacing: normal; line-height: 28px; orphans: auto; text-align: start; text-indent: 0px; text-transform: none; white-space: normal; widows: auto; word-spacing: 0px; -webkit-text-stroke-width: 0px; display: inline !important; float: none; background-color: rgb(255, 255, 255);\">&nbsp;&nbsp;&nbsp;&nbsp;&nbsp;&nbsp;&nbsp;&nbsp;令人担忧的是，这一组织与盘踞在叙利亚伊拉克境内的恐怖组织ISIS一样，通过制造恐怖与利用社交网络，吸引了大量西方社会青年人加入到所谓的“圣战”中，美国国会众议院国土安全委员会报告显示，每年都会有数十名美国人前往索马里，加入“青年党”作战。报告称，青年党骨干力量中有大量美国人。近年来，恐怖组织通过网络视频积极在美国本土吸收成员。并煽动他们在美国以及境外从事暴力活动。这些恐怖分子接受讯问时声称，为建立一种绝对的伊斯兰世界秩序，愿意战斗到死。</span><br style=\"margin: 0px; padding: 0px; font-size: 16px; line-height: 28px; color: rgb(0, 0, 0); font-family: 微软雅黑; font-style: normal; font-variant: normal; font-weight: normal; letter-spacing: normal; text-align: left; text-indent: 0px; text-transform: none; white-space: normal; word-spacing: 0px; background-color: rgb(255, 255, 255);\"/><span style=\"color: rgb(0, 0, 0); font-family: 微软雅黑; font-size: 16px; font-style: normal; font-variant: normal; font-weight: normal; letter-spacing: normal; line-height: 28px; orphans: auto; text-align: start; text-indent: 0px; text-transform: none; white-space: normal; widows: auto; word-spacing: 0px; -webkit-text-stroke-width: 0px; display: inline !important; float: none; background-color: rgb(255, 255, 255);\">&nbsp;&nbsp;&nbsp;&nbsp;&nbsp;&nbsp;&nbsp;&nbsp;“最近一系列事件可以作为一个我们进入新形势的象征”，美国国土安全部部长杰伊·约翰逊5日表示，“真正的问题与危险是，他们如果仅仅派出几十人到西方会怎么样？”</span></p>', '2015-04-06 14:10:51', '1', '2', '1', '41');
INSERT INTO `news_table` VALUES ('8', '央视解密也门撤侨：总领事找亚丁省长托关系入港', 'TOM', '新华社', '也门撤侨', null, '<p style=\"font-family: SimSun; font-size: 14px; margin: 23px auto 0px; padding: 0px; list-style: outside none none; overflow: visible ! important; display: block; line-height: 26px; color: rgb(0, 0, 0); font-style: normal; font-variant: normal; font-weight: normal; letter-spacing: normal; text-indent: 0px; text-transform: none; white-space: normal; word-spacing: 0px; background-color: rgb(255, 255, 255); text-align: center;\">揭秘<a href=\"http://country.huanqiu.com/yemen\" target=\"_blank\" title=\"也门\" style=\"font-family: Arial, Helvetica, 宋体; font-size: 14px; margin: 0px 5px; padding: 0px 0px 2px; color: rgb(6, 52, 111); text-decoration: none; border-bottom-width: 1px; border-bottom-style: dotted; border-bottom-color: rgb(6, 52, 111);\">也门</a>撤侨行动:总领事找亚丁省长托关系入港</p><p style=\"font-family: SimSun; font-size: 14px; margin: 23px auto 0px; padding: 0px; list-style: none; overflow: visible !important; display: block; line-height: 26px; color: rgb(0, 0, 0); font-style: normal; font-variant: normal; font-weight: normal; letter-spacing: normal; orphans: auto; text-align: left; text-indent: 0px; text-transform: none; white-space: normal; widows: auto; word-spacing: 0px; -webkit-text-stroke-width: 0px; background-color: rgb(255, 255, 255);\">　　2号，<a href=\"http://country.huanqiu.com/china\" target=\"_blank\" title=\"中国\" style=\"font-family: Arial, Helvetica, 宋体; font-size: 14px; margin: 0px 5px; padding: 0px 0px 2px; color: rgb(6, 52, 111); text-decoration: none; border-bottom-width: 1px; border-bottom-style: dotted; border-bottom-color: rgb(6, 52, 111);\">中国</a>海军第十九批护航编队“临沂舰”成功将自10个国家的公民从也门的亚丁港转移至<a href=\"http://country.huanqiu.com/djibouti\" target=\"_blank\" title=\"吉布提\" style=\"font-family: Arial, Helvetica, 宋体; font-size: 14px; margin: 0px 5px; padding: 0px 0px 2px; color: rgb(6, 52, 111); text-decoration: none; border-bottom-width: 1px; border-bottom-style: dotted; border-bottom-color: rgb(6, 52, 111);\">吉布提</a>共和国吉布提港，“临沂舰”也被比作是诺亚方舟。整个撤离过程非常顺利，而在这顺利的背后，却是整个营救任务团队周密策划的结果。在行动结束后，本台记者再次登上“临沂舰”，独家专访了中国海军第十九批护航编队的指挥员，听他讲述了行动背后的故事。</p><p style=\"font-family: SimSun; font-size: 14px; margin: 23px auto 0px; padding: 0px; list-style: none; overflow: visible !important; display: block; line-height: 26px; color: rgb(0, 0, 0); font-style: normal; font-variant: normal; font-weight: normal; letter-spacing: normal; orphans: auto; text-align: left; text-indent: 0px; text-transform: none; white-space: normal; widows: auto; word-spacing: 0px; -webkit-text-stroke-width: 0px; background-color: rgb(255, 255, 255);\">　　<strong style=\"font-family: SimSun; font-size: 14px; margin: 0px; padding: 0px;\">进港时机有讲究 为啥早上最安全？</strong></p><p style=\"font-family: SimSun; font-size: 14px; margin: 23px auto 0px; padding: 0px; list-style: none; overflow: visible !important; display: block; line-height: 26px; color: rgb(0, 0, 0); font-style: normal; font-variant: normal; font-weight: normal; letter-spacing: normal; orphans: auto; text-align: left; text-indent: 0px; text-transform: none; white-space: normal; widows: auto; word-spacing: 0px; -webkit-text-stroke-width: 0px; background-color: rgb(255, 255, 255);\">　　这是中国军舰首次执行海外撤离外国公民的国际人道主义救援行动，确保每一个撤离人员的安全是行动成败关键。撤离人员集合的亚丁港仍处在交战区，快速安全撤离面临巨大挑战。“临沂舰”当地时间2号上午10点15分准时靠岸，这个时机的选择是很有讲究的，因为它直接关系到撤离的外部环境条件。</p><p style=\"font-family: SimSun; font-size: 14px; margin: 23px auto 0px; padding: 0px; list-style: none; overflow: visible !important; display: block; line-height: 26px; color: rgb(0, 0, 0); font-style: normal; font-variant: normal; font-weight: normal; letter-spacing: normal; orphans: auto; text-align: left; text-indent: 0px; text-transform: none; white-space: normal; widows: auto; word-spacing: 0px; -webkit-text-stroke-width: 0px; background-color: rgb(255, 255, 255);\">　　海军第十九批护航编队指挥员姜国平表示，亚丁的交火主要时间是在下午和晚上，交火比较激烈，在上午都是交火比较轻的时候，因此选择这个时候进亚丁港去撤外国人员。此外，如果下午去或者晚上去，可能在安检的时候天就黑了，这样我们在查危险物品，再查护照和本人，在身份甄别方面就很困难。另外，在夜间，交战双方都无法分辨你是哪一国的军舰，就非常容易误击。</p><p style=\"font-family: SimSun; font-size: 14px; margin: 23px auto 0px; padding: 0px; list-style: none; overflow: visible !important; display: block; line-height: 26px; color: rgb(0, 0, 0); font-style: normal; font-variant: normal; font-weight: normal; letter-spacing: normal; orphans: auto; text-align: left; text-indent: 0px; text-transform: none; white-space: normal; widows: auto; word-spacing: 0px; -webkit-text-stroke-width: 0px; background-color: rgb(255, 255, 255);\">　　<strong style=\"font-family: SimSun; font-size: 14px; margin: 0px; padding: 0px;\">巧挂红旗 避免被误判为敌舰</strong></p><p style=\"font-family: SimSun; font-size: 14px; margin: 23px auto 0px; padding: 0px; list-style: none; overflow: visible !important; display: block; line-height: 26px; color: rgb(0, 0, 0); font-style: normal; font-variant: normal; font-weight: normal; letter-spacing: normal; orphans: auto; text-align: left; text-indent: 0px; text-transform: none; white-space: normal; widows: auto; word-spacing: 0px; -webkit-text-stroke-width: 0px; background-color: rgb(255, 255, 255);\">　　而即便在白天其实也存在被误击的可能。为了把这种可能性降到最低，指挥员采取了一些“小花招”。</p><p style=\"font-family: SimSun; font-size: 14px; margin: 23px auto 0px; padding: 0px; list-style: none; overflow: visible !important; display: block; line-height: 26px; color: rgb(0, 0, 0); font-style: normal; font-variant: normal; font-weight: normal; letter-spacing: normal; orphans: auto; text-align: left; text-indent: 0px; text-transform: none; white-space: normal; widows: auto; word-spacing: 0px; -webkit-text-stroke-width: 0px; background-color: rgb(255, 255, 255);\">　　姜国平表示，白天进港按照惯例，进入也门应该悬挂也门国旗，进了领海就该挂国旗，因为也门国旗是花花绿绿的，我们的国旗是红的，好识别，如果挂一个看不清楚的旗，可能被误判为<a href=\"http://country.huanqiu.com/saudi_arabia\" target=\"_blank\" title=\"沙特\" style=\"font-family: Arial, Helvetica, 宋体; font-size: 14px; margin: 0px 5px; padding: 0px 0px 2px; color: rgb(6, 52, 111); text-decoration: none; border-bottom-width: 1px; border-bottom-style: dotted; border-bottom-color: rgb(6, 52, 111);\">沙特</a>的或者是其他国家的，就可能被军舰队袭击。这次这次我们没有挂也门的旗，为的就是防止对方误判。</p><p style=\"font-family: SimSun; font-size: 14px; margin: 23px auto 0px; padding: 0px; list-style: none; overflow: visible !important; display: block; line-height: 26px; color: rgb(0, 0, 0); font-style: normal; font-variant: normal; font-weight: normal; letter-spacing: normal; orphans: auto; text-align: left; text-indent: 0px; text-transform: none; white-space: normal; widows: auto; word-spacing: 0px; -webkit-text-stroke-width: 0px; background-color: rgb(255, 255, 255);\">　　<strong style=\"font-family: SimSun; font-size: 14px; margin: 0px; padding: 0px;\">人去港空无人理 如何进港是问题</strong></p><p style=\"font-family: SimSun; font-size: 14px; margin: 23px auto 0px; padding: 0px; list-style: none; overflow: visible !important; display: block; line-height: 26px; color: rgb(0, 0, 0); font-style: normal; font-variant: normal; font-weight: normal; letter-spacing: normal; orphans: auto; text-align: left; text-indent: 0px; text-transform: none; white-space: normal; widows: auto; word-spacing: 0px; -webkit-text-stroke-width: 0px; background-color: rgb(255, 255, 255);\">　　入港时机确定之后，船要顺利入港还依然面临巨大挑战。因为，随着也门战事升级，亚丁港也成为交战区，很多工作人员为了保护自身安全，都拒绝工作。而船要入港需要港方许可，并且提供引水等必要服务。而这一切条件似乎都不具备。这样有可能造成撤离人员集解后，船只无法入港，这就相当于把撤离人员置于险境之中。</p><p style=\"font-family: SimSun; font-size: 14px; margin: 23px auto 0px; padding: 0px; list-style: none; overflow: visible !important; display: block; line-height: 26px; color: rgb(0, 0, 0); font-style: normal; font-variant: normal; font-weight: normal; letter-spacing: normal; orphans: auto; text-align: left; text-indent: 0px; text-transform: none; white-space: normal; widows: auto; word-spacing: 0px; -webkit-text-stroke-width: 0px; background-color: rgb(255, 255, 255);\">　　姜国平介绍，中国驻亚丁总领馆领事找到了亚丁的省长，托了关系，而且这位省长还有个亲戚随着即临沂舰撤出，因此他算是帮了省长一个忙，省长也帮了他一个忙。所以就把人找齐了，直到1日下午的5、6点钟，最后才敲定。</p><p style=\"font-family: SimSun; font-size: 14px; margin: 23px auto 0px; padding: 0px; list-style: none; overflow: visible !important; display: block; line-height: 26px; color: rgb(0, 0, 0); font-style: normal; font-variant: normal; font-weight: normal; letter-spacing: normal; orphans: auto; text-align: left; text-indent: 0px; text-transform: none; white-space: normal; widows: auto; word-spacing: 0px; -webkit-text-stroke-width: 0px; background-color: rgb(255, 255, 255);\">　　<strong style=\"font-family: SimSun; font-size: 14px; margin: 0px; padding: 0px;\">舰艇附近落炸弹 冷静判断是关键</strong></p><p style=\"font-family: SimSun; font-size: 14px; margin: 23px auto 0px; padding: 0px; list-style: none; overflow: visible !important; display: block; line-height: 26px; color: rgb(0, 0, 0); font-style: normal; font-variant: normal; font-weight: normal; letter-spacing: normal; orphans: auto; text-align: left; text-indent: 0px; text-transform: none; white-space: normal; widows: auto; word-spacing: 0px; -webkit-text-stroke-width: 0px; background-color: rgb(255, 255, 255);\">　　而就在军舰靠岸不久，一声爆炸威力巨大，浓烟清晰可见。当时撤离人员正在码头上排队安检。是否暂停撤离行动成为指挥员面临的决断。</p><p style=\"font-family: SimSun; font-size: 14px; margin: 23px auto 0px; padding: 0px; list-style: none; overflow: visible !important; display: block; line-height: 26px; color: rgb(0, 0, 0); font-style: normal; font-variant: normal; font-weight: normal; letter-spacing: normal; orphans: auto; text-align: left; text-indent: 0px; text-transform: none; white-space: normal; widows: auto; word-spacing: 0px; -webkit-text-stroke-width: 0px; background-color: rgb(255, 255, 255);\">　　海军第十九批护航编队指挥员姜国平介绍当时工作刚刚展开35分钟，10点50分，一发炮弹就落在了舰艇的右舷60度大概五公里的位置，炮火打得离我们已经很近，当时刚刚开始安检，人员还基本没怎么上舰。当时姜国平观察后发现，这可能只是一发炮弹，后续没有炮弹，因此初步判断，交战的双方肯定在不远的位置交战，这一发弹很有可能是打偏了，或者是一发流弹。因为后续没有弹，说明这一发也不是冲着我方来的。所以这样我们心里就有底了。</p><p style=\"font-family: SimSun; font-size: 14px; margin: 23px auto 0px; padding: 0px; list-style: none; overflow: visible !important; display: block; line-height: 26px; color: rgb(0, 0, 0); font-style: normal; font-variant: normal; font-weight: normal; letter-spacing: normal; orphans: auto; text-align: left; text-indent: 0px; text-transform: none; white-space: normal; widows: auto; word-spacing: 0px; -webkit-text-stroke-width: 0px; background-color: rgb(255, 255, 255);\">　　因此，姜国平并没有下达停止撤离的命令，而是要求全体人员加快安检速度。</p><p style=\"font-family: SimSun; font-size: 14px; margin: 23px auto 0px; padding: 0px; list-style: none; overflow: visible !important; display: block; line-height: 26px; color: rgb(0, 0, 0); font-style: normal; font-variant: normal; font-weight: normal; letter-spacing: normal; orphans: auto; text-align: left; text-indent: 0px; text-transform: none; white-space: normal; widows: auto; word-spacing: 0px; -webkit-text-stroke-width: 0px; background-color: rgb(255, 255, 255);\">　　<strong style=\"font-family: SimSun; font-size: 14px; margin: 0px; padding: 0px;\">&quot;见死不救&quot;还是&quot;人道主义&quot;？</strong></p><p style=\"font-family: SimSun; font-size: 14px; margin: 23px auto 0px; padding: 0px; list-style: none; overflow: visible !important; display: block; line-height: 26px; color: rgb(0, 0, 0); font-style: normal; font-variant: normal; font-weight: normal; letter-spacing: normal; orphans: auto; text-align: left; text-indent: 0px; text-transform: none; white-space: normal; widows: auto; word-spacing: 0px; -webkit-text-stroke-width: 0px; background-color: rgb(255, 255, 255);\">　　按照行动前的计划，所有撤离人员都必须向我国驻亚丁总领馆提前报名，军舰也将按照指定的名单和对人员上舰资格，以最大程度确保排除人员混杂带来的不安全因素。而在现场，安检人员发现有人晕倒，而且名字并不在名单之列。按照指令，只要不在名单之列，军舰方面完全可以拒绝他们的登舰请求。</p><p style=\"font-family: SimSun; font-size: 14px; margin: 23px auto 0px; padding: 0px; list-style: none; overflow: visible !important; display: block; line-height: 26px; color: rgb(0, 0, 0); font-style: normal; font-variant: normal; font-weight: normal; letter-spacing: normal; orphans: auto; text-align: left; text-indent: 0px; text-transform: none; white-space: normal; widows: auto; word-spacing: 0px; -webkit-text-stroke-width: 0px; background-color: rgb(255, 255, 255);\">　　但姜国平表示，既然我国来进行国际人道主义救援行动，见死不救就是违背了国际人道主义救援的初衷。虽然可能要担一些风险，但商量后大家认为这个风险担得值，所以一致同意将两名外国伤员搬上舰。</p><p style=\"font-family: SimSun; font-size: 14px; margin: 23px auto 0px; padding: 0px; list-style: outside none none; overflow: visible ! important; display: block; line-height: 26px; color: rgb(0, 0, 0); font-style: normal; font-variant: normal; font-weight: normal; letter-spacing: normal; text-align: left; text-indent: 0px; text-transform: none; white-space: normal; word-spacing: 0px; background-color: rgb(255, 255, 255);\">　　经过对这两名外国人员的身体进行快速检查，发现他们身体确实很虚弱，并且确保他们完全符合安检要求后，由工作人员将他们用担架抬上舰艇，全部人员成功安全上舰并最终抵达吉布提港。</p>', '2015-04-06 14:13:27', '1', '2', '1', '15');
INSERT INTO `news_table` VALUES ('9', '李克强：中国外贸要从“大进大出”转向“优进优出”', 'TOM', '新华社', '李克强、外贸、优进优出', null, '<p style=\"padding: 0px; margin: 0px 0px 26px; border: 0px none; font-size: 14px; font-family: 宋体; vertical-align: baseline; color: rgb(0, 0, 0); line-height: 26px; text-indent: 2em; font-style: normal; font-variant: normal; font-weight: normal; letter-spacing: normal; text-align: left; text-transform: none; white-space: normal; word-spacing: 0px; background-color: rgb(255, 255, 255);\">李克强主持召开中国装备走出去和推进国际产能合作座谈会并作重要讲话 新华社 姚大伟 摄</p><p style=\"padding: 0px; margin: 0px 0px 26px; border: 0px none; font-size: 14px; font-family: 宋体; vertical-align: baseline; color: rgb(0, 0, 0); line-height: 26px; text-indent: 2em; font-style: normal; font-variant: normal; font-weight: normal; letter-spacing: normal; text-align: left; text-transform: none; white-space: normal; word-spacing: 0px; background-color: rgb(255, 255, 255);\">——李克强说，上世纪80年代以来，中国实施沿海发展战略一个很重要的举措是“大进大出”。这一战略有力支撑了中国经济30多年高速的发展，造就了今天中国“世界工厂”的地位。</p><p style=\"padding: 0px; margin: 0px 0px 26px; border: 0px none; font-size: 14px; font-family: 宋体; vertical-align: baseline; color: rgb(0, 0, 0); line-height: 26px; text-indent: 2em; font-style: normal; font-variant: normal; font-weight: normal; letter-spacing: normal; text-align: left; text-transform: none; white-space: normal; word-spacing: 0px; background-color: rgb(255, 255, 255);\">——“但必须看到，国际市场正在发生深刻的变化，中国也需要顺应这种变化，转变自己的发展方式。过去那种‘大进大出’的老路已经难以为继。”总理说，“要加大支持中国装备‘走出去’，推进国际产能合作，使我国对外贸易从‘大进大出’转向‘优进优出’。”据新京报</p><p style=\"padding: 0px; margin: 0px 0px 26px; border: 0px none; font-size: 14px; font-family: 宋体; vertical-align: baseline; color: rgb(0, 0, 0); line-height: 26px; text-indent: 2em; font-style: normal; font-variant: normal; font-weight: normal; letter-spacing: normal; text-align: left; text-transform: none; white-space: normal; word-spacing: 0px; background-color: rgb(255, 255, 255);\"><strong style=\"padding: 0px; margin: 0px; border: 0px; -webkit-font-smoothing: antialiased;\">原标题：李克强在中国装备走出去和推进国际产能合作座谈会上强调用中国装备和国际产能合作结缘世界 推动形成优进优出开放型经济新格局 张高丽等出席</strong></p><p style=\"padding: 0px; margin: 0px 0px 26px; border: 0px none; font-size: 14px; font-family: 宋体; vertical-align: baseline; color: rgb(0, 0, 0); line-height: 26px; text-indent: 2em; font-style: normal; font-variant: normal; font-weight: normal; letter-spacing: normal; text-align: left; text-transform: none; white-space: normal; word-spacing: 0px; background-color: rgb(255, 255, 255);\"><strong style=\"padding: 0px; margin: 0px; border: 0px; -webkit-font-smoothing: antialiased;\">据新华社北京4月3日电&nbsp;</strong>4月3日，中共中央政治局常委、国务院总理李克强主持召开中国装备走出去和推进国际产能合作座谈会并作重要讲话。</p><p style=\"padding: 0px; margin: 0px 0px 26px; border: 0px none; font-size: 14px; font-family: 宋体; vertical-align: baseline; color: rgb(0, 0, 0); line-height: 26px; text-indent: 2em; font-style: normal; font-variant: normal; font-weight: normal; letter-spacing: normal; text-align: left; text-transform: none; white-space: normal; word-spacing: 0px; background-color: rgb(255, 255, 255);\">中共中央政治局常委、国务院副总理张高丽出席。</p><p style=\"padding: 0px; margin: 0px 0px 26px; border: 0px none; font-size: 14px; font-family: 宋体; vertical-align: baseline; color: rgb(0, 0, 0); line-height: 26px; text-indent: 2em; font-style: normal; font-variant: normal; font-weight: normal; letter-spacing: normal; text-align: left; text-transform: none; white-space: normal; word-spacing: 0px; background-color: rgb(255, 255, 255);\">会上，外交部、发展改革委、商务部、中国信保公司、中国铁建、中广核集团等单位负责人作了发言。李克强与大家深入交流，他说，当前，我国经济发展进入新常态，面临许多新的机遇和挑战，要实现中高速增长、迈向中高端水平，对外开放必须要上新水平。要在努力推动外贸转型、有效利用外资的基础上，加快中国装备走出去和推进国际产能合作，这是实现我国经济提质增效升级的重要举措，有利于培育对外开放新优势，推动形成优进优出开放型经济新格局，使中国经济与世界经济在更高层次上深度融合。</p><p style=\"padding: 0px; margin: 0px 0px 26px; border: 0px none; font-size: 14px; font-family: 宋体; vertical-align: baseline; color: rgb(0, 0, 0); line-height: 26px; text-indent: 2em; font-style: normal; font-variant: normal; font-weight: normal; letter-spacing: normal; text-align: left; text-transform: none; white-space: normal; word-spacing: 0px; background-color: rgb(255, 255, 255);\">李克强指出，面对世界经济艰难复苏的严峻形势，各国必须同舟共济，不断扩大利益汇合点，用合作推动平衡，用创新谋求发展。目前，许多国家对基础设施建设和推进工业化的需求很大，而我国很多装备和产能质优价廉，综合配套能力强。支持中国装备走出去和推进国际产能合作，在扩大产品进出口的基础上叠加产业出口，不仅注重消费品更注重投资品出口，既利当前、更惠长远，能实现各方共赢。这有助于顶住经济下行压力、拓展我国发展新空间，有利于相关国家加快发展、扩大就业，并可为中国与发达国家合作开拓第三方市场创造更多机遇。</p><p style=\"padding: 0px; margin: 0px 0px 26px; border: 0px none; font-size: 14px; font-family: 宋体; vertical-align: baseline; color: rgb(0, 0, 0); line-height: 26px; text-indent: 2em; font-style: normal; font-variant: normal; font-weight: normal; letter-spacing: normal; text-align: left; text-transform: none; white-space: normal; word-spacing: 0px; background-color: rgb(255, 255, 255);\">李克强强调，要使中国装备走得出、国际产能合作能共赢，关键是要完善政府推动、企业主导、商业运作的合作机制。一是突出深化改革。除少数必经批准的外，其他境外投资一律取消项目核准，实行备案管理，清理取消束缚对外投资的各种不合理限制和收费，让企业放开手脚闯世界，使产业在国际同台竞争中不断升级。二是突出市场运作。以企业为主导，依照商业原则，灵活运用境外经贸园区、工程总承包、第三方合作等多种“出海”模式，做好国内产能与国外市场的对接，更好契合不同地区尤其是“一带一路”沿线国家的需求。三是突出质量和信用。企业要用讲信誉、守规则、重质量、铸精品的行动和成效，将中国装备和国际产能合作打造成靓丽的国家新“名片”。四是突出大企业和中小企业优势互补、协同推进，构建全产业链战略联盟，依靠整体优势增强国际市场开拓能力。</p><p style=\"padding: 0px; margin: 0px 0px 26px; border: 0px none; font-size: 14px; font-family: 宋体; vertical-align: baseline; color: rgb(0, 0, 0); line-height: 26px; text-indent: 2em; font-style: normal; font-variant: normal; font-weight: normal; letter-spacing: normal; text-align: left; text-transform: none; white-space: normal; word-spacing: 0px; background-color: rgb(255, 255, 255);\">李克强指出，推动装备走出去和国际产能合作，金融服务要同步跟进。一要拓宽外汇储备运用渠道。通过定向发行专项债券等方式，对重点合作项目提供更多融资服务。二要在加强风险防范前提下，更好发挥优买贷款、援外优惠贷款作用，扩大支持国别范围和行业领域。三要破除商业融资障碍。推动中资金融机构海外网点建设，支持企业以境外资产、股权等权益为抵押开展贷款，探索境外发债备案制，鼓励开展公私合营项目贷款业务。四要发挥好财政资金的引导作用。五要扩大出口信用保险覆盖面。增加中长期信用保险、海外投资险规模，在基础费率、承保期限等方面提供更好服务。</p><p style=\"padding: 0px; margin: 0px 0px 26px; border: 0px none; font-size: 14px; font-family: 宋体; vertical-align: baseline; color: rgb(0, 0, 0); line-height: 26px; text-indent: 2em; font-style: normal; font-variant: normal; font-weight: normal; letter-spacing: normal; text-align: left; text-transform: none; white-space: normal; word-spacing: 0px; background-color: rgb(255, 255, 255);\">李克强强调，加快装备走出去和推进国际产能合作是一篇大文章，必须立足对外开放大局和坚持互利共赢原则，统筹谋划，防止一哄而起、恶性竞争，注意防范多种风险。各部门要相互配合，在信息、税收国际合作、维护企业合法权益等方面提供更好服务，确保这项工作有序有力推进。</p><p style=\"padding: 0px; margin: 0px 0px 26px; border: 0px none; font-size: 14px; font-family: 宋体; vertical-align: baseline; color: rgb(0, 0, 0); line-height: 26px; text-indent: 2em; font-style: normal; font-variant: normal; font-weight: normal; letter-spacing: normal; text-align: left; text-transform: none; white-space: normal; word-spacing: 0px; background-color: rgb(255, 255, 255);\">汪洋、马凯、杨晶、杨洁篪、王勇参加会议。</p>', '2015-04-06 14:16:20', '1', '1', '1', '25');
INSERT INTO `news_table` VALUES ('10', '南京虐童案被打孩子称不怪养母 仍将与其生活', 'TOM', '新华社', '南京虐童、不怪养母', null, '<p><br/></p><p class=\"text\" style=\"padding: 0px; margin: 0px 0px 26px; border: 0px; -webkit-font-smoothing: antialiased; font-size: 14px; font-family: 宋体; vertical-align: baseline; color: rgb(0, 0, 0); line-height: 26px; text-indent: 2em; font-style: normal; font-variant: normal; font-weight: normal; letter-spacing: normal; orphans: auto; text-align: start; text-transform: none; white-space: normal; widows: auto; word-spacing: 0px; -webkit-text-stroke-width: 0px; background-color: rgb(255, 255, 255);\">昨天，扬子晚报报道了南京市一名上二年级的9岁男童被养母“毒打”，导致后背伤痕累累，脚面浮肿。许多网友斥责这位养母行径太歹毒。南京警方昨天发布消息称，经过调查认定，养母李某某将男童施某某打成轻伤，目前，李某某已被警方刑事拘留。目前孩子已经由亲生父母带回安徽老家。扬子晚报记者昨晚专程赶赴安徽来安，独家对话孩子亲生父母。</p><p class=\"text\" style=\"padding: 0px; margin: 0px 0px 26px; border: 0px; -webkit-font-smoothing: antialiased; font-size: 14px; font-family: 宋体; vertical-align: baseline; color: rgb(0, 0, 0); line-height: 26px; text-indent: 2em; font-style: normal; font-variant: normal; font-weight: normal; letter-spacing: normal; orphans: auto; text-align: start; text-transform: none; white-space: normal; widows: auto; word-spacing: 0px; -webkit-text-stroke-width: 0px; background-color: rgb(255, 255, 255);\"><strong style=\"padding: 0px; margin: 0px; border: 0px; -webkit-font-smoothing: antialiased;\">最新进展：养母被南京警方刑拘</strong></p><p class=\"text\" style=\"padding: 0px; margin: 0px 0px 26px; border: 0px; -webkit-font-smoothing: antialiased; font-size: 14px; font-family: 宋体; vertical-align: baseline; color: rgb(0, 0, 0); line-height: 26px; text-indent: 2em; font-style: normal; font-variant: normal; font-weight: normal; letter-spacing: normal; orphans: auto; text-align: start; text-transform: none; white-space: normal; widows: auto; word-spacing: 0px; -webkit-text-stroke-width: 0px; background-color: rgb(255, 255, 255);\">4月4日下午3点45分，南京市公安局官方微博@平安南京更新消息称，4月2日，市公安局高新分局接到辖区某学校老师反映，称该校学生施某某（男，9岁）身上有多处表皮伤，怀疑系遭其养母殴打所致。目前，警方正在开展相关调查工作。</p><p class=\"text\" style=\"padding: 0px; margin: 0px 0px 26px; border: 0px; -webkit-font-smoothing: antialiased; font-size: 14px; font-family: 宋体; vertical-align: baseline; color: rgb(0, 0, 0); line-height: 26px; text-indent: 2em; font-style: normal; font-variant: normal; font-weight: normal; letter-spacing: normal; orphans: auto; text-align: start; text-transform: none; white-space: normal; widows: auto; word-spacing: 0px; -webkit-text-stroke-width: 0px; background-color: rgb(255, 255, 255);\">4月5日12点13分，@平安南京再次更新消息，并表示，经南京警方连续工作，3月31日下午5点多，男童施某某因没完成其养母布置的课外作业，遭到李某某用抓痒耙、跳绳抽打及脚踩，致使施某某双手、双脚、背部大面积出现红肿痕迹。经法医初步鉴定，施某某构成轻伤。根据前期大量调查取证，4月5日凌晨1点，警方对涉嫌故意伤害的李某某（女，50岁）依法刑事拘留。目前，经过警方协调，男童施某某已被其亲生父母暂带回老家抚养。</p><p class=\"text\" style=\"padding: 0px; margin: 0px 0px 26px; border: 0px; -webkit-font-smoothing: antialiased; font-size: 14px; font-family: 宋体; vertical-align: baseline; color: rgb(0, 0, 0); line-height: 26px; text-indent: 2em; font-style: normal; font-variant: normal; font-weight: normal; letter-spacing: normal; orphans: auto; text-align: start; text-transform: none; white-space: normal; widows: auto; word-spacing: 0px; -webkit-text-stroke-width: 0px; background-color: rgb(255, 255, 255);\"><strong style=\"padding: 0px; margin: 0px; border: 0px; -webkit-font-smoothing: antialiased;\">安徽来安再见小虎</strong></p><p class=\"text\" style=\"padding: 0px; margin: 0px 0px 26px; border: 0px; -webkit-font-smoothing: antialiased; font-size: 14px; font-family: 宋体; vertical-align: baseline; color: rgb(0, 0, 0); line-height: 26px; text-indent: 2em; font-style: normal; font-variant: normal; font-weight: normal; letter-spacing: normal; orphans: auto; text-align: start; text-transform: none; white-space: normal; widows: auto; word-spacing: 0px; -webkit-text-stroke-width: 0px; background-color: rgb(255, 255, 255);\"><strong style=\"padding: 0px; margin: 0px; border: 0px; -webkit-font-smoothing: antialiased;\">看到记者，小虎跳起来追问“妈妈在哪”</strong></p><p class=\"text\" style=\"padding: 0px; margin: 0px 0px 26px; border: 0px; -webkit-font-smoothing: antialiased; font-size: 14px; font-family: 宋体; vertical-align: baseline; color: rgb(0, 0, 0); line-height: 26px; text-indent: 2em; font-style: normal; font-variant: normal; font-weight: normal; letter-spacing: normal; orphans: auto; text-align: start; text-transform: none; white-space: normal; widows: auto; word-spacing: 0px; -webkit-text-stroke-width: 0px; background-color: rgb(255, 255, 255);\">昨天上午，扬子晚报记者来到李某某所居住的小区采访，但是小区保安和邻居表示都不知情。在记者的不懈努力下，昨天晚上，扬子晚报记者终于联系上了小虎的养父，得知小虎的养母和生母其实是表姊妹关系。昨晚8点多，扬子晚报记者辗转之下来到安徽省滁州市来安县，并找到了被亲生父母带回家的男童小虎。</p><p class=\"text\" style=\"padding: 0px; margin: 0px 0px 26px; border: 0px; -webkit-font-smoothing: antialiased; font-size: 14px; font-family: 宋体; vertical-align: baseline; color: rgb(0, 0, 0); line-height: 26px; text-indent: 2em; font-style: normal; font-variant: normal; font-weight: normal; letter-spacing: normal; orphans: auto; text-align: start; text-transform: none; white-space: normal; widows: auto; word-spacing: 0px; -webkit-text-stroke-width: 0px; background-color: rgb(255, 255, 255);\">记者冒着大雨，驱车近2个小时赶到安徽省来安县。小虎的生父姓桂，夫妻俩都是来安县普通的农民。桂师傅一家有三个孩子，大儿子今年已经22岁，女儿12岁，小儿子就是小虎，今年只有9岁。</p><p class=\"text\" style=\"padding: 0px; margin: 0px 0px 26px; border: 0px; -webkit-font-smoothing: antialiased; font-size: 14px; font-family: 宋体; vertical-align: baseline; color: rgb(0, 0, 0); line-height: 26px; text-indent: 2em; font-style: normal; font-variant: normal; font-weight: normal; letter-spacing: normal; orphans: auto; text-align: start; text-transform: none; white-space: normal; widows: auto; word-spacing: 0px; -webkit-text-stroke-width: 0px; background-color: rgb(255, 255, 255);\">记者找到了桂师傅一家的住处，这是一栋3层的小洋楼。推开门进去，记者看到小虎正和姐姐在沙发上看电视。</p><p class=\"text\" style=\"padding: 0px; margin: 0px 0px 26px; border: 0px; -webkit-font-smoothing: antialiased; font-size: 14px; font-family: 宋体; vertical-align: baseline; color: rgb(0, 0, 0); line-height: 26px; text-indent: 2em; font-style: normal; font-variant: normal; font-weight: normal; letter-spacing: normal; orphans: auto; text-align: start; text-transform: none; white-space: normal; widows: auto; word-spacing: 0px; -webkit-text-stroke-width: 0px; background-color: rgb(255, 255, 255);\">“我要找妈妈，我妈妈现在在哪里？”记者一进门，就看见小虎一脸不开心地躺在沙发上。知道记者是从南京赶过来的，小虎兴冲冲地跳起来，并询问记者，知不知道妈妈在哪里，自己什么时候能见到妈妈。</p><p class=\"text\" style=\"padding: 0px; margin: 0px 0px 26px; border: 0px; -webkit-font-smoothing: antialiased; font-size: 14px; font-family: 宋体; vertical-align: baseline; color: rgb(0, 0, 0); line-height: 26px; text-indent: 2em; font-style: normal; font-variant: normal; font-weight: normal; letter-spacing: normal; orphans: auto; text-align: start; text-transform: none; white-space: normal; widows: auto; word-spacing: 0px; -webkit-text-stroke-width: 0px; background-color: rgb(255, 255, 255);\"><strong style=\"padding: 0px; margin: 0px; border: 0px; -webkit-font-smoothing: antialiased;\">小虎说这事不怪妈妈，是自己撒谎在先</strong></p><p class=\"text\" style=\"padding: 0px; margin: 0px 0px 26px; border: 0px; -webkit-font-smoothing: antialiased; font-size: 14px; font-family: 宋体; vertical-align: baseline; color: rgb(0, 0, 0); line-height: 26px; text-indent: 2em; font-style: normal; font-variant: normal; font-weight: normal; letter-spacing: normal; orphans: auto; text-align: start; text-transform: none; white-space: normal; widows: auto; word-spacing: 0px; -webkit-text-stroke-width: 0px; background-color: rgb(255, 255, 255);\">“我妈妈很爱我，她不会对我不好的，我现在好想回南京。”小虎满脸委屈地告诉记者，其实这件事情一点都不怪妈妈，是他自己对妈妈撒谎在先。</p><p class=\"text\" style=\"padding: 0px; margin: 0px 0px 26px; border: 0px; -webkit-font-smoothing: antialiased; font-size: 14px; font-family: 宋体; vertical-align: baseline; color: rgb(0, 0, 0); line-height: 26px; text-indent: 2em; font-style: normal; font-variant: normal; font-weight: normal; letter-spacing: normal; orphans: auto; text-align: start; text-transform: none; white-space: normal; widows: auto; word-spacing: 0px; -webkit-text-stroke-width: 0px; background-color: rgb(255, 255, 255);\">小虎告诉记者，当天妈妈问有没看完课外读物，自己欺骗妈妈说已经看过了。后来被妈妈检查发现了，妈妈生气才打了自己。“也就打了四五下。”小虎告诉记者，当时确实很疼，但是他并不怪妈妈。</p><p class=\"text\" style=\"padding: 0px; margin: 0px 0px 26px; border: 0px; -webkit-font-smoothing: antialiased; font-size: 14px; font-family: 宋体; vertical-align: baseline; color: rgb(0, 0, 0); line-height: 26px; text-indent: 2em; font-style: normal; font-variant: normal; font-weight: normal; letter-spacing: normal; orphans: auto; text-align: start; text-transform: none; white-space: normal; widows: auto; word-spacing: 0px; -webkit-text-stroke-width: 0px; background-color: rgb(255, 255, 255);\"><strong style=\"padding: 0px; margin: 0px; border: 0px; -webkit-font-smoothing: antialiased;\">亲生父母</strong></p><p class=\"text\" style=\"padding: 0px; margin: 0px 0px 26px; border: 0px; -webkit-font-smoothing: antialiased; font-size: 14px; font-family: 宋体; vertical-align: baseline; color: rgb(0, 0, 0); line-height: 26px; text-indent: 2em; font-style: normal; font-variant: normal; font-weight: normal; letter-spacing: normal; orphans: auto; text-align: start; text-transform: none; white-space: normal; widows: auto; word-spacing: 0px; -webkit-text-stroke-width: 0px; background-color: rgb(255, 255, 255);\"><strong style=\"padding: 0px; margin: 0px; border: 0px; -webkit-font-smoothing: antialiased;\">听说孩子出事，当晚包车连夜赶到南京</strong></p><p class=\"text\" style=\"padding: 0px; margin: 0px 0px 26px; border: 0px; -webkit-font-smoothing: antialiased; font-size: 14px; font-family: 宋体; vertical-align: baseline; color: rgb(0, 0, 0); line-height: 26px; text-indent: 2em; font-style: normal; font-variant: normal; font-weight: normal; letter-spacing: normal; orphans: auto; text-align: start; text-transform: none; white-space: normal; widows: auto; word-spacing: 0px; -webkit-text-stroke-width: 0px; background-color: rgb(255, 255, 255);\">桂师傅告诉记者，知道孩子出事是在两天前，当时还是一位南京的警官来家中找到了自己。听说孩子在南京出事了，桂师傅夫妻俩当晚8点骑自行车赶到来安县城，并包车连夜赶到南京。</p><p class=\"text\" style=\"padding: 0px; margin: 0px 0px 26px; border: 0px; -webkit-font-smoothing: antialiased; font-size: 14px; font-family: 宋体; vertical-align: baseline; color: rgb(0, 0, 0); line-height: 26px; text-indent: 2em; font-style: normal; font-variant: normal; font-weight: normal; letter-spacing: normal; orphans: auto; text-align: start; text-transform: none; white-space: normal; widows: auto; word-spacing: 0px; -webkit-text-stroke-width: 0px; background-color: rgb(255, 255, 255);\">到达南京后，桂师傅夫妻二人又赶到李某某家中，发现家中无人，夫妻二人手机也打不通。随后，小区保安将夫妻二人带到小区地下室。夫妻二人在地下室一宿没合眼，第二天早晨继续来到李某某家中，结果发现家中还是无人。</p><p class=\"text\" style=\"padding: 0px; margin: 0px 0px 26px; border: 0px; -webkit-font-smoothing: antialiased; font-size: 14px; font-family: 宋体; vertical-align: baseline; color: rgb(0, 0, 0); line-height: 26px; text-indent: 2em; font-style: normal; font-variant: normal; font-weight: normal; letter-spacing: normal; orphans: auto; text-align: start; text-transform: none; white-space: normal; widows: auto; word-spacing: 0px; -webkit-text-stroke-width: 0px; background-color: rgb(255, 255, 255);\">这时，高新园分局的民警电话联系了桂师傅，并表示把孩子交还给桂师傅夫妻二人。当天在派出所中，桂师傅见到了小虎。“当时小虎还是活蹦乱跳的。”桂师傅称，看到自己的儿子没事，他才放下心来。</p><p class=\"text\" style=\"padding: 0px; margin: 0px 0px 26px; border: 0px; -webkit-font-smoothing: antialiased; font-size: 14px; font-family: 宋体; vertical-align: baseline; color: rgb(0, 0, 0); line-height: 26px; text-indent: 2em; font-style: normal; font-variant: normal; font-weight: normal; letter-spacing: normal; orphans: auto; text-align: start; text-transform: none; white-space: normal; widows: auto; word-spacing: 0px; -webkit-text-stroke-width: 0px; background-color: rgb(255, 255, 255);\"><strong style=\"padding: 0px; margin: 0px; border: 0px; -webkit-font-smoothing: antialiased;\">相信表姐不是故意为之，她一向疼爱孩子</strong></p><p class=\"text\" style=\"padding: 0px; margin: 0px 0px 26px; border: 0px; -webkit-font-smoothing: antialiased; font-size: 14px; font-family: 宋体; vertical-align: baseline; color: rgb(0, 0, 0); line-height: 26px; text-indent: 2em; font-style: normal; font-variant: normal; font-weight: normal; letter-spacing: normal; orphans: auto; text-align: start; text-transform: none; white-space: normal; widows: auto; word-spacing: 0px; -webkit-text-stroke-width: 0px; background-color: rgb(255, 255, 255);\">作为亲生父亲，桂师傅告诉记者，他们夫妻俩平时也非常想念孩子。每天都会和孩子通话，周末一有时间就从来安来到南京看孩子。平日里也经常接到李某某从南京打来的电话。桂师傅称，表姐曾提过，孩子长大不好带了，要花很多时间和精力。也曾打过孩子，小虎总体表现就是在学校很顽皮，在家很乖。对于打孩子这件事，桂师傅表示能接受，因为小虎没离开家前，自己就打过孩子。桂师傅称，从南京来的民警也给他们夫妻二人看了小虎受伤的照片。当时确实很吃惊。他自己也不知道表姐为何把孩子打成这样。但是联想到表姐一向对自己的孩子疼爱有加，应该也不是故意为之。</p><p class=\"text\" style=\"padding: 0px; margin: 0px 0px 26px; border: 0px; -webkit-font-smoothing: antialiased; font-size: 14px; font-family: 宋体; vertical-align: baseline; color: rgb(0, 0, 0); line-height: 26px; text-indent: 2em; font-style: normal; font-variant: normal; font-weight: normal; letter-spacing: normal; orphans: auto; text-align: start; text-transform: none; white-space: normal; widows: auto; word-spacing: 0px; -webkit-text-stroke-width: 0px; background-color: rgb(255, 255, 255);\"><strong style=\"padding: 0px; margin: 0px; border: 0px; -webkit-font-smoothing: antialiased;\">领养是否合法？</strong></p><p class=\"text\" style=\"padding: 0px; margin: 0px 0px 26px; border: 0px; -webkit-font-smoothing: antialiased; font-size: 14px; font-family: 宋体; vertical-align: baseline; color: rgb(0, 0, 0); line-height: 26px; text-indent: 2em; font-style: normal; font-variant: normal; font-weight: normal; letter-spacing: normal; orphans: auto; text-align: start; text-transform: none; white-space: normal; widows: auto; word-spacing: 0px; -webkit-text-stroke-width: 0px; background-color: rgb(255, 255, 255);\"><strong style=\"padding: 0px; margin: 0px; border: 0px; -webkit-font-smoothing: antialiased;\">养母与生母是表姐妹，办了领养证</strong></p><p class=\"text\" style=\"padding: 0px; margin: 0px 0px 26px; border: 0px; -webkit-font-smoothing: antialiased; font-size: 14px; font-family: 宋体; vertical-align: baseline; color: rgb(0, 0, 0); line-height: 26px; text-indent: 2em; font-style: normal; font-variant: normal; font-weight: normal; letter-spacing: normal; orphans: auto; text-align: start; text-transform: none; white-space: normal; widows: auto; word-spacing: 0px; -webkit-text-stroke-width: 0px; background-color: rgb(255, 255, 255);\">之前的报道中，大家都知道李某某其实是小虎的养母，许多读者就产生了这样的疑问，李某某是否合法领养小虎。扬子晚报记者在采访中发现，桂师傅自己有三个孩子，又是农民，经济条件并不好。自己的夫人和李某某其实是表姊妹关系，两人从小一起长大，关系很好。</p><p class=\"text\" style=\"padding: 0px; margin: 0px 0px 26px; border: 0px; -webkit-font-smoothing: antialiased; font-size: 14px; font-family: 宋体; vertical-align: baseline; color: rgb(0, 0, 0); line-height: 26px; text-indent: 2em; font-style: normal; font-variant: normal; font-weight: normal; letter-spacing: normal; orphans: auto; text-align: start; text-transform: none; white-space: normal; widows: auto; word-spacing: 0px; -webkit-text-stroke-width: 0px; background-color: rgb(255, 255, 255);\">李某某发现自己的表妹生活并不好，还要养活三个孩子，她自己主动提出来，可以把最小的孩子过继来，让自己照顾。这样既减轻表妹家的生活负担，还能让小虎在南京接受更好的教育。</p><p class=\"text\" style=\"padding: 0px; margin: 0px 0px 26px; border: 0px; -webkit-font-smoothing: antialiased; font-size: 14px; font-family: 宋体; vertical-align: baseline; color: rgb(0, 0, 0); line-height: 26px; text-indent: 2em; font-style: normal; font-variant: normal; font-weight: normal; letter-spacing: normal; orphans: auto; text-align: start; text-transform: none; white-space: normal; widows: auto; word-spacing: 0px; -webkit-text-stroke-width: 0px; background-color: rgb(255, 255, 255);\">昨天上午，小虎养父告诉记者，领养小虎是有领养证的，手续完全合法。3年前，桂师傅一家人来到来安县民政部门，并办理了相关手续。小虎的户籍从来安县迁到了位于南京市浦口区李某某的家中。小虎从来安来到南京，并在南京上起了幼儿园，一直上到小学。</p><p class=\"text\" style=\"padding: 0px; margin: 0px 0px 26px; border: 0px; -webkit-font-smoothing: antialiased; font-size: 14px; font-family: 宋体; vertical-align: baseline; color: rgb(0, 0, 0); line-height: 26px; text-indent: 2em; font-style: normal; font-variant: normal; font-weight: normal; letter-spacing: normal; orphans: auto; text-align: start; text-transform: none; white-space: normal; widows: auto; word-spacing: 0px; -webkit-text-stroke-width: 0px; background-color: rgb(255, 255, 255);\"><strong style=\"padding: 0px; margin: 0px; border: 0px; -webkit-font-smoothing: antialiased;\">孩子将来归属？</strong></p><p class=\"text\" style=\"padding: 0px; margin: 0px 0px 26px; border: 0px; -webkit-font-smoothing: antialiased; font-size: 14px; font-family: 宋体; vertical-align: baseline; color: rgb(0, 0, 0); line-height: 26px; text-indent: 2em; font-style: normal; font-variant: normal; font-weight: normal; letter-spacing: normal; orphans: auto; text-align: start; text-transform: none; white-space: normal; widows: auto; word-spacing: 0px; -webkit-text-stroke-width: 0px; background-color: rgb(255, 255, 255);\"><strong style=\"padding: 0px; margin: 0px; border: 0px; -webkit-font-smoothing: antialiased;\">亲生父母：会继续把小虎放在养父母家</strong></p><p class=\"text\" style=\"padding: 0px; margin: 0px 0px 26px; border: 0px; -webkit-font-smoothing: antialiased; font-size: 14px; font-family: 宋体; vertical-align: baseline; color: rgb(0, 0, 0); line-height: 26px; text-indent: 2em; font-style: normal; font-variant: normal; font-weight: normal; letter-spacing: normal; orphans: auto; text-align: start; text-transform: none; white-space: normal; widows: auto; word-spacing: 0px; -webkit-text-stroke-width: 0px; background-color: rgb(255, 255, 255);\">4日那天在派出所中，警官要求桂师傅夫妻二人把孩子带回安徽老家。当时小虎还不肯走，嚷着“我要见妈妈。”在许多人的劝说下，桂师傅夫妇和小虎先到附近一处旅馆安顿了下来。第二天一早，小虎又吵着要桂师傅带他去派出所看妈妈。“小虎可来了劲了。”桂师傅称，小虎坐在派出所里不肯走，直到下午4点，小虎才被劝走，在父母带领下回到来安老家。</p><p class=\"text\" style=\"padding: 0px; margin: 0px 0px 26px; border: 0px; -webkit-font-smoothing: antialiased; font-size: 14px; font-family: 宋体; vertical-align: baseline; color: rgb(0, 0, 0); line-height: 26px; text-indent: 2em; font-style: normal; font-variant: normal; font-weight: normal; letter-spacing: normal; orphans: auto; text-align: start; text-transform: none; white-space: normal; widows: auto; word-spacing: 0px; -webkit-text-stroke-width: 0px; background-color: rgb(255, 255, 255);\">出了这样的事情，桂师傅是否继续愿意把小虎放在其养父母家中？桂师傅昨天表示，在南京有利于孩子成长，有利于孩子开拓眼界，他们愿意相信李某某是爱小虎，并真心对小虎好的。小虎告诉记者，走的时候，学校老师告诉他，学校放了一周的假。他表示，等假期一过就要上学，还要和“妈妈”生活在一起。</p><p class=\"text\" style=\"padding: 0px; margin: 0px 0px 26px; border: 0px; -webkit-font-smoothing: antialiased; font-size: 14px; font-family: 宋体; vertical-align: baseline; color: rgb(0, 0, 0); line-height: 26px; text-indent: 2em; font-style: normal; font-variant: normal; font-weight: normal; letter-spacing: normal; orphans: auto; text-align: start; text-transform: none; white-space: normal; widows: auto; word-spacing: 0px; -webkit-text-stroke-width: 0px; background-color: rgb(255, 255, 255);\"><strong style=\"padding: 0px; margin: 0px; border: 0px; -webkit-font-smoothing: antialiased;\">相关部门：正研究对孩子的救助</strong></p><p class=\"text\" style=\"padding: 0px; margin: 0px 0px 26px; border: 0px; -webkit-font-smoothing: antialiased; font-size: 14px; font-family: 宋体; vertical-align: baseline; color: rgb(0, 0, 0); line-height: 26px; text-indent: 2em; font-style: normal; font-variant: normal; font-weight: normal; letter-spacing: normal; orphans: auto; text-align: start; text-transform: none; white-space: normal; widows: auto; word-spacing: 0px; -webkit-text-stroke-width: 0px; background-color: rgb(255, 255, 255);\">昨天上午，心理学专家张纯告诉扬子晚报记者，他对此事也极为关注，将会联合南京多个心理专家，并组成心理后援团，对孩子进行心理危机干预。张纯称，孩子被带离家庭，表面上看确实是为孩子好，但对孩子来说就意味着他第二次被抛弃。此时孩子的心理一定极为憔悴，更需要大家的宽容和关心。</p><p class=\"text\" style=\"padding: 0px; margin: 0px 0px 26px; border: 0px; -webkit-font-smoothing: antialiased; font-size: 14px; font-family: 宋体; vertical-align: baseline; color: rgb(0, 0, 0); line-height: 26px; text-indent: 2em; font-style: normal; font-variant: normal; font-weight: normal; letter-spacing: normal; orphans: auto; text-align: start; text-transform: none; white-space: normal; widows: auto; word-spacing: 0px; -webkit-text-stroke-width: 0px; background-color: rgb(255, 255, 255);\">法学专家邱鹭风告诉扬子晚报记者，过继和领养其实是两个不一样的概念。过继是民间说法，而领养是一个法律术语，完成领养需要办理相关的法律手续，而过继并不需要。</p><p class=\"text\" style=\"padding: 0px; margin: 0px 0px 26px; border: 0px; -webkit-font-smoothing: antialiased; font-size: 14px; font-family: 宋体; vertical-align: baseline; color: rgb(0, 0, 0); line-height: 26px; text-indent: 2em; font-style: normal; font-variant: normal; font-weight: normal; letter-spacing: normal; orphans: auto; text-align: start; text-transform: none; white-space: normal; widows: auto; word-spacing: 0px; -webkit-text-stroke-width: 0px; background-color: rgb(255, 255, 255);\">扬子晚报记者从南京市浦口区民政局获悉，民政部门工作人员发现网帖后就配合公安机关上门调查，并将孩子和孩子的亲生父母安排在一起。下一步，民政部门将做好安置和困难救助工作，教育部门也将研究孩子的上学问题。</p><p class=\"text\" style=\"padding: 0px; margin: 0px 0px 26px; border: 0px none; font-size: 14px; font-family: 宋体; vertical-align: baseline; color: rgb(0, 0, 0); line-height: 26px; text-indent: 2em; font-style: normal; font-variant: normal; font-weight: normal; letter-spacing: normal; text-align: start; text-transform: none; white-space: normal; word-spacing: 0px; background-color: rgb(255, 255, 255);\">(原标题：南京虐童案被打孩子称不怪养母 仍将与其生活)</p>', '2015-04-06 14:19:41', '1', '3', '1', '31');
INSERT INTO `news_table` VALUES ('11', '沙特什叶派聚居区枪击事件致一名警察丧生', 'TOM', '新华社', '沙特、警察丧生', null, '<p style=\"text-indent: 2em;\">新华网利雅得4月6日电 沙特阿拉伯内政部6日说，警方日前在沙特东部一什叶派村庄执行搜查任务时遭不明身份武装人员开枪射击，事件导致1名警察死亡、5人受伤。</p><p style=\"text-indent: 2em;\">沙特内政部发言人说，5日下午，警察在卡提夫地区阿瓦米亚村对可疑恐怖分子窝点进行搜查，并查获大批武器、弹药和通讯工具。在执行任务时，警方突然遭到来自\r\n附近建筑物上的不明身份武装人员的开枪射击。警方立即还击，1名警察在交火中受伤，送到医院后不治身亡。另有5人受伤，其中包括3名警察、1名沙特人和1\r\n名外国人。4名涉案沙特人被抓获。</p><p style=\"text-indent: 2em;\">该发言人说，警方已开始对事件展开调查。</p><p style=\"text-indent: 2em;\">卡提夫所在的沙特东部地区是沙特石油主产区。这里还聚居着占沙特人口少数的什叶派穆斯林。自2011年起，卡提夫地区的什叶派民众经常举行示威抗议活动，要求逊尼派的沙特王室给予什叶派更多政治权利。阿瓦米亚村经常发生示威者与警察的暴力冲突。</p><p style=\"text-indent: 2em;\">(原标题：沙特什叶派聚居区枪击事件致一名警察丧生)</p>', '2015-04-06 14:22:13', '1', '2', '1', '20');
INSERT INTO `news_table` VALUES ('12', '苹果智能手表热卖仍有几分悬念', 'TOM', '新华社', '苹果、智能手表', null, '<p style=\"text-align:center\"><img src=\"http://localhost:8080/NewsPublish/ueditor/jsp/upload/image/20150411/1428760557575035817.jpg\" title=\"1428760557575035817.jpg\" alt=\"d01373f082025aaf0ecb092cffedab64024f1a5f.jpg\"/></p><p style=\"text-indent: 2em; text-align: left;\">首发百度百家，转载请注明出处!</p><p style=\"text-indent: 2em; text-align: left;\">4月10日15点，苹果手表在中国大陆正式开启预\r\n售。与以往不同的是，此次苹果手表首发地区，中国大陆意外的出现在第一次公开发售名单中。在去年苹果发布会亮相半年多后，苹果手表才姗姗来迟，这在苹果历\r\n史上尚属首次。尽管业内人士对苹果手表给予了高度评价，但从市场反应来看，苹果手表热卖仍有几分悬念。</p><p style=\"text-indent: 2em; text-align: left;\"><strong>惨淡的市场需求</strong></p><p style=\"text-indent: 2em; text-align: left;\">曾有媒体称苹果对智能手表产品的预期是今年销售1000-3200万块，这一消息并未得到苹果官方的确认。显然，对于苹果手表的前景，苹果官方还是比较乐观的。在苹果手表首次亮相在发布会时，不少媒体也认为苹果智能手表将开启智能穿戴设备的革命。</p><p style=\"text-indent: 2em; text-align: left;\">不过，从国内外的市场调查情况来看，苹果智能手表面\r\n临的是一个非常惨淡的市场需求。路透社和益普索联合进行的民意调查中，69%的美国人表示无意购买苹果手表。企鹅智酷近期展开的调查同样显示，2.2万人\r\n参与调查，愿意购买苹果手表的用户不到五分之一，中国用户对苹果手表的购买欲望也不高。</p><p style=\"text-indent: 2em; text-align: left;\">用户对苹果手表不感冒，这着实出人意料。显然，苹果手表也未能打破智能手表市场需求惨淡的局面。此前，媒体对苹果在智能穿戴领域的影响力给予了太高的期望，这次或许会落空。</p><p style=\"text-indent: 2em; text-align: left;\"><strong>苹果手表差在哪</strong></p><p style=\"text-indent: 2em; text-align: left;\">一直以来，苹果产品的都有着独特的魅力，吸引着果粉们不惜卖肾，不惜高价也要购买。眼下，苹果手表的市场反应如此惨淡，究竟是什么原因呢?价格，功能，还是续航这个智能手表的恶梦?</p><p style=\"text-indent: 2em; text-align: left;\">在价格方面，苹果手表最低售价2588元，最高售价高达12.8万元。坦白说，苹果智能手表价格还是比较贵的。Moto 360手表售价2699元，三星Gear \r\nS售价2299元，国产的一些智能手表，价格在数百元至2000元左右。不容忽视的一点就是，售价2588元的苹果手表不过是最低版，标准款苹果手表售价高达4188元。毋庸置疑，苹果智能手表的价格还是有些高。</p><p style=\"text-indent: 2em; text-align: left;\">不过，过高的售价并非苹果手表遇冷的真正原因。要知道，iPhone \r\n6刚上市时，价格被炒到数万元，仍有人托关系找门路购买。从相关调查机构的数据来看，很多人不愿意购买苹果手表，还是因为不够实用。企鹅智库的调查显示，21.1%的受访者表示没有佩戴手表的习惯，20.2%则认为苹果手表的多数功能不够实用。</p><p style=\"text-indent: 2em; text-align: left;\">从功能上来看，苹果手表虽然内置了微信和Apple \r\nPay应用，但与苹果手机上的微信应用相比，手表中内置的应用被严重阉割。从一些媒体的评测来看，苹果手表只能提供微信信息的推送，查看朋友圈等少数几个功能。虽说苹果手表能够回复微信好友信息，但如此小的屏幕无疑影响用户体验。</p><p style=\"text-indent: 2em; text-align: left;\">客观地说，苹果手表内置的应用比Moto 360和三星Gear \r\nS多一些，但与苹果手机丰富的应用相比，苹果手表仍不及格。而且，媒体评测中称，苹果手表内置的应用有太多的Bug，这些因素都成为影响用户购买的负面因素。</p><p style=\"text-indent: 2em; text-align: left;\">除了价格过高和应用太少两大因素外，苹果手表并没有\r\n解决智能手表续航的软肋。按照苹果官方公布的数据，苹果手表续航时长为18个小时，重度使用下续航只有几个小时。一直以来，用户期盼苹果能够解决智能手表\r\n续航差的问题，毕竟苹果的技术全球闻名。遗憾的是，苹果手表的续航仍旧很差，经过优化也未与市场上的同类产品拉开距离。媒体评测称，如果使用微信这样的应\r\n用，一小时就会掉20%的电量。</p><p style=\"text-indent: 2em; text-align: left;\">过高的售价，过于鸡肋的功能，表现平平的续航，这些都让用户对苹果手表非常失望。加上此前用户希望苹果手表能够带来颠覆性的创新，结果苹果手表与Moto \r\n360和三星Gear S相比并没有实质性的创新。所以，苹果手表热卖仍有几分悬念。</p><p style=\"text-indent: 2em; text-align: left;\">作者系资深IT人士，微信公众帐号：jiawebjn</p>', '2015-04-11 21:56:37', '1', '4', '1', '31');
INSERT INTO `news_table` VALUES ('13', '李克强奔赴长春“督阵”东北经济', 'TOM', '新华社', '李克强、长春、东北经济', null, '<p style=\"text-align: center;\"><img style=\"width: 100%; max-width: 480px; height: auto; display: inline-block; margin: 0px auto;\" alt=\"\" src=\"http://localhost:8080/NewsPublish/ueditor/jsp/upload/image/20150411/1428760643151068425.jpg\"/></p><p style=\"text-align: center;\">4月10日，中共中央政治局常委、国务院总理李克强在长春主持召开东北三省经济工作座谈会，分析当前东北经济面临的新情况和突出问题，研究推进东北发展相关工作。图片来自中国政府网</p><p style=\"text-align: center;\"><img style=\"width: 100%; max-width: 480px; height: auto; display: inline-block; margin: 0px auto;\" alt=\"\" src=\"http://localhost:8080/NewsPublish/ueditor/jsp/upload/image/20150411/1428760645899084793.jpg\"/></p><p style=\"text-align: center;\">4月10日，中共中央政治局常委、国务院总理李克强在长春主持召开东北三省经济工作座谈会，分析当前东北经济面临的新情况和突出问题，研究推进东北发展相关工作。图片来自中国政府网</p><p style=\"text-align: center;\"><img style=\"width: 100%; max-width: 480px; height: auto; display: inline-block; margin: 0px auto;\" alt=\"\" src=\"http://localhost:8080/NewsPublish/ueditor/jsp/upload/image/20150411/1428760646791092958.jpg\"/></p><p style=\"text-align: center;\">李克强10日到吉林大学无机合成与制备化学国家重点实验室考察，该实验室在物质科学研究领域居于世界前列。总理说，虽然这一研究现在看像“坐冷板凳”，但将来会变成“热领域”。图片来自中国政府网</p><p style=\"text-align: center;\"><img style=\"width: 100%; max-width: 480px; height: auto; display: inline-block; margin: 0px auto;\" alt=\"\" src=\"http://localhost:8080/NewsPublish/ueditor/jsp/upload/image/20150411/1428760646958044110.jpg\"/></p><p style=\"text-align: center;\">10日，北车集团长春轨道客车股份有限公司的装备车间欢声雷动，工人们打出“感谢超级推销员”的字板，争相与正在这里考察的李克强总理握手问好。图片来自中国政府网</p><p>　　“我在东北工作过，算是半个东北人，讲话也就不客气了：你们的数据的确让我感到‘揪心’啊!”4月10日的东北三省经济形势座谈会上，李克强总理语气沉重地说。</p><p>　\r\n　2014年，东北辽宁、吉林、黑龙江三省的经济增速分别是5.8%、6.5%、5.6%，位列全国后五位，滑出经济合理区间。今年一季度，这三个省的多\r\n项经济指标继续走低，经济下行压力进一步增大。4月9日—10日，李克强专程奔赴吉林长春，重点考察了地下基础设施工程建设和重大装备制造企业，并在长春\r\n主持召开东北三省经济形势座谈会，现场“督阵”东北经济。</p><p>　　总理说，百姓就业的保障、民众收入的提高，绝不是来自“空中楼阁”，前提是要有一定的经济发展速度作为支撑。如果各项经济指标继续走低，民生改善、就业保障、收入增长都将无从谈起。</p><p>　　“东北振兴十年来，取得了显著的成绩，也发生了巨大的变化。但为什么去年以来经济骤然出现如此低迷的状况呢?”李克强说，“这里面的确有国际经济复苏低迷、国内深层次矛盾积累、区域经济结构不合理等‘客观’原因，但东北三省也要多从‘主观’上寻找原因。”</p><p><strong>　　东北人过去是“闯关东”过来的，有闯劲、有韧性</strong></p><p>　\r\n　李克强要求，全面深入正确地研判和把握东北经济发展的现状和走向。他说，从全国四大板块看，当前经济下行压力最大、经济总体指标最低的就是东北。但反过\r\n来看，中国经济潜力最大、爆发力最强的地区也是东北。因为东北有几十年的工业基础，有高素质的人才队伍，也有丰厚的资源。</p><p>　　“有人说，东\r\n北背着‘资源的包袱’，这话太奇怪了!难道有资源比没有资源差吗?”总理说，“我在河南工作的时候，河南的钢厂都是从国外进口矿石，自己没有啊。后来我到\r\n了辽宁，看到鞍钢80%都使用本地的矿石，就进口一点精矿粉，难道这条件不比河南好吗?资源是优势，不发展没道理啊!”</p><p>　　李克强说，东北\r\n技术工人的人均比例位居全国第一，更重要的是，东北人有闯劲、有韧性。“我们常说，中国经济能保持长期中高速发展，因为我们有韧性、有潜力、有回旋余地，\r\n这对东北同样适用。东北人过去是‘闯关东’过来的啊，有闯劲、有韧性。今天东北要重拾‘闯关东’精神!”</p><p>　　李克强结语的声调不高但掷地有声：“今年年底，我们要回过头‘算总账’，东北三省必须确保全年经济社会发展目标顺利完成。”</p><p><strong>　　没有一定的速度支撑，靠什么保障就业?靠什么改善民生?</strong></p><p>　　此前一天，李克强在长春南部新城综合交通枢纽工程考察时，一位农民工告诉总理，他不远千里从重庆老家来到长春打工，只为了每天能“多挣30块钱”。在长春打了两年工，他天天干完活累得倒头就睡，只有到了春节才能回家，“连长春市是什么样子都不知道”。</p><p>　\r\n　“我们一定要对中国的国情有清醒的认识啊!”10日的座谈会上，李克强重提那位农民工的故事动情地说，“我们国家还有许许多多只为一天多挣30多块、抛\r\n家别子的农民工兄弟。这个庞大的群体不仅西部有，东部也有。如果我们的经济没有一定的速度保证，那靠什么保障百姓就业?靠什么改善民众生活?千万不要忘\r\n了，经济增速、质量和效益是相互挂钩的。没有当前，哪来未来?”</p><p>　　总理直言，有些人称“因为调结构速度就下来了”，这种观念是错误的。“结构真正调优，会支撑经济增长，也会让经济增速‘上去’，而且这个‘速度’的结构、质量也会更加优化。”</p><p>　　他说：“我们谋划工作一定要既利当前、更惠长远，要深挖调结构的潜力，释放促改革的红利。”</p><p><strong>　　还是要打破体制机制束缚，要在改革开放中实现东北新一轮振兴</strong></p><p>　　座谈会上，一位地方负责人在发言中提出，东北要实现“新一轮振兴”，李克强说，“东北振兴”已经进行了10年，现在要上一个新台阶。“关键还是要打破体制机制束缚，要在改革开放中实现东北新一轮振兴。”</p><p>　\r\n　李克强去年曾对东北某个民生项目“盖133个公章仍未完成审批”的问题作出批示，要求严肃处理。他在10日的座谈会上说，这种问题在东北绝不仅是个例。\r\n企业的发展、民众的创造因此受到了极大的束缚，必须下决心简政放权、放管结合，转变政府职能。必须依靠改革激发市场活力，真正为企业松绑。</p><p>　　“东北的经济结构确实存在着问题。大庆、一汽‘打个喷嚏’，黑龙江、吉林就会‘感冒’!”李克强说，“但这个结构怎么调?肯定不能靠政府再去兴办一个新的产业，还是要激发市场的活力。”</p><p>　　他分析说，过去东北虽然有很多大型企业，但零件配套等大批高附加值产品，仍然需要从南方购买。现在，要释放民众活力，鼓励大众创业、万众创新，在当地发展更多的中小配套企业。</p><p>　　“东北人不是不会干，老工业基地的技术工人很多啊!要让他们创业，让他们干起来!”总理说，“政府的工作，就是做好事中事后监管，让市场主体公平竞争，让他们动起来、活得好。”</p><p><strong>　　东北的装备制造在全世界也是有竞争力的，要有这个决心和信心</strong></p><p>　　总理在座谈会上说，东北要破解当前遇到的问题，必须抓住“稳增长”的几个关键环节，一是通过基础设施项目建设，补上公共服务和基础设施建设的“欠账”;二是大力提振居民消费;三是以装备制造业为重点扩大出口。</p><p>　　座谈会当天上午，李克强总理考察了中国北车长春轨道客车股份有限公司。公司负责人告诉总理，因为海外市场的拓展，企业目前发展势头良好，营业额不断提升。工人们现场打出“感谢超级推销员”的字牌向总理致谢。</p><p>　　“同志们，东北的装备制造绝不是‘包袱’呀!我们的装备制造行业在全世界也是有竞争力的，要有这个决心和信心!”李克强在座谈会上说，“东北装备制造有很强的竞争力，各地也要加快推进基础设施项目建设，让东北的机械装备制造产业“舞动起来”。</p><p>　　他说，仅北车长客一家企业实现了“走出去”，就拉动整个产业链数倍的就业。因此，国家会支持中国装备企业在国际上扩展更广阔的市场。</p><p><strong>　　经济发展进入新常态，干部精神面貌要有新状态</strong></p><p>　　东北三省负责人在发言中均表示“对未来发展有信心”，李克强对此予以肯定。他同时说，增强信心不仅要鼓舞士气，更要靠真抓实干。</p><p>　　“我在今年《政府工作报告》中说，‘经济发展进入新常态，干部精神面貌要有新状态’。”总理说，“各位一定要主动作为、狠抓落实。要把新一轮东北振兴的责任扛在肩上，把人民的冷暖疾苦放在心上!”</p><p>　　李克强说，国家推进东北老工业基地振兴的每一项举措，务请各地、各部门都要对号入座、细化实化，要让每一项政策真正落地、兑现。</p><p>　　“我们的领导干部一定要有起码的‘为官一任、造福一方’的观念。多想想百姓疾苦，少盘算点个人得失。工作中少点空话套话，多点真抓实干的劲头，实实在在‘多给老百姓干点事’!”总理说，“对于忽视民生、为官不为的‘庸政’‘懒政’，要公开曝光，坚决追责。”</p><p><strong>　　东北振兴不能“等靠要”，而要靠“闯改创”</strong></p><p>　　对于东北三省负责人提出的一些具体困难，李克强现场部署有关部门“对确需帮助的问题拿出具体措施予以支持”。但他同时强调，东北振兴不能“等靠要”，而要靠“闯改创”。</p><p>　　“我在东北工作过，算是半个东北人，讲话也就不客气了：你们的各项数据的确让我感到‘揪心’啊!”总理语气沉重地说。</p><p>　　李克强形象地比喻，东北位于中国雄鸡版图的头部，“你们可不能‘打蔫’啊!”他说：“只要东北‘昂’起头，便会带动中西部跟着舞起来，相信这种‘闯改创’的势头，也会传导给全国!”</p><p>　　新京报快讯 特约记者 任春</p>', '2015-04-11 21:57:48', '1', '1', '1', '15');
INSERT INTO `news_table` VALUES ('14', '习近平“四个全面”战略布局的现实逻辑与思想脉络', 'TOM', '新华社', '四个全面', null, '<p style=\"text-indent: 2em;\">&nbsp; &nbsp; &nbsp; &nbsp; &nbsp; &nbsp; \r\n &nbsp; &nbsp; &nbsp;\r\n &nbsp; &nbsp; &nbsp; &nbsp; &nbsp; &nbsp; &nbsp; \r\n &nbsp; &nbsp; &nbsp; &nbsp; &nbsp; &nbsp;&nbsp; <br/></p><p style=\"text-align: center; text-indent: 2em;\"><img src=\"http://localhost:8080/NewsPublish/ueditor/jsp/upload/image/20150411/1428760711153078297.jpg\"/></p><p style=\"text-indent: 2em;\">“学习路上”大型网络数据库</p><p style=\"text-indent: 2em;\">中\r\n国共产党新闻网北京4月10日电&nbsp; \r\n习近平总书记“四个全面”战略布局的提出，使党和国家事业的战略方向、重点领域、主攻目标更加清晰，内在逻辑更加严密。“四个全面”既是重大的战略布局，\r\n也体现治国理政的重要战略思想，为中国特色社会主义理论体系注入了新的内涵。近日，由人民日报社评论部编著，人民出版社出版的《“四个全面”学习读本》隆\r\n重推出，该书首次全面、完整地解读“四个全面”的内涵和精髓，告诉读者这个战略布局为什么对于当下的中国如此重要。以下是内容摘录：</p><p style=\"text-indent: 2em;\">21世\r\n纪第二个十年，中国向何处去？对于世界来说，这个问题的答案，变得远比100年前重要得多。在中国国内，1992年的市场化浪潮、1997年的香港回归、\r\n2001年的加入WTO、2003年的抗击“非典”、2008年的奥运盛典，这一连串里程碑式的事件，刻画了一个历史悠久的大国迈向复兴的轨迹，也将那个\r\n不曾消失的疑问一次次推上前台：中国将走一条怎样的发展道路？</p><p style=\"text-indent: 2em;\">从邓小平理论到“三个代表”重要思想再到科学发展观，什么是社会主义、怎样建\r\n设社会主义，建设什么样的党、怎样建设党，实现什么样的发展、怎样发展，这些重大理论和实践问题陆续得到清晰的解答，中国特色社会主义理论体系由此构建成\r\n型。实践为理论创新提供基础，又对理论创新提出新的要求。</p><p style=\"text-indent: 2em;\"><strong>【“四个全面”之</strong><strong>思想脉络 开辟中国道路新境界</strong><strong>】</strong></p><p style=\"text-indent: 2em;\">党的十八大以来，以习近平同志为总书记的党中央敏锐把握我国经济社会发展的阶段特征和历史变化，科学分析党和国家事业发展面临的机遇和挑战，生动描绘了实现中华民族伟大复兴中国梦的宏伟蓝图，极大鼓舞了亿万中国人民的奋斗激情。</p><p style=\"text-indent: 2em;\">“四\r\n个全面”战略布局，有一个逐步提出和成型的过程。党的十六大提出“全面建设惠及十几亿人口的更高水平的小康社会”；党的十七大重申这一奋斗目标，并把“全\r\n面建设小康社会”改为“全面建成小康社会”。党的十八大则提出全面建成小康社会和全面深化改革开放的目标。党的十八届三中全会，习近平总书记在《关于〈中\r\n共中央关于全面深化改革若干重大问题的决定〉的说明》中，提出《中共中央关于全面深化改革若干重大问题的决定》的起草体现了“全面建成小康社会、全面深化\r\n改革、全面推进依法治国这‘三个全面’的逻辑联系”。2014年12月，习近平总书记在江苏考察调研时提出：“要全面贯彻党的十八大和十八届三中、四中全\r\n会精神，落实中央经济工作会议精神，主动把握和积极适应经济发展新常态，协调推进全面建成小康社会、全面深化改革、全面推进依法治国、全面从严治党，推动\r\n改革开放和社会主义现代化建设迈上新台阶。”</p><p style=\"text-indent: 2em;\"><strong>强调“四个全面”协调推进，这在我们党的历史上是第一次，深刻表明我们党不断坚持和发展中国特色社会主义的历史自觉，彰显了马克思主义执政党勇于开拓创新的理论品质，必将开辟中国道路新境界，成为当代中国新航标，书写改革开放和社会主义现代化建设的新篇章。</strong></p><p style=\"text-indent: 2em;\"><strong>【“四个全面”之</strong><strong>现实逻辑&nbsp;</strong><strong>拎起了中国发展的总纲】</strong></p><p style=\"text-indent: 2em;\">中\r\n国人历来重战略。在中央看来，21世纪的头二十年是难得的重要战略机遇期。达到总体小康的目标之后，中国仍然处于可以大有作为的重要战略机遇期，这个判断\r\n并未改变，但是其内涵和条件正在发生变化。这种新变化集中体现为，在更高的发展起点上，发展机遇前所未有，风险挑战前所未有。</p><p style=\"text-indent: 2em;\">“四个全面”在这个时候提出，从坚定中国自信、立足中国实际、总结中国经验、针对中国难题的高度，廓清了治国理政的全貌，抓住了改革发展稳定的关键，拎起了中国发展的总纲，确立了党和国家各项工作的主要矛盾、重点领域、主攻方向。</p><p style=\"text-indent: 2em;\"><strong>全面建成小康在本质上是发展的问题，经济进入新常态之后，这个发展的主要内涵，是提质增效、促进人的全面自由发展。</strong>“经\r\n济持续健康发展，人民民主不断扩大，文化软实力显著增强，人民生活水平全面提高，资源节约型、环境友好型社会建设取得重大进展……”从“奔小康”到“全面\r\n建成小康社会”，党的十八大描绘出全面小康社会的清晰图景。小康梦的升级版，为中国梦注入更多实实在在、鼓舞人心的内容。“国家好，民族好，大家才会好”\r\n与“大家好，民族好，国家才会好”相互激荡，从最贴近民心的角度激发起全面小康的无尽动力。</p><p style=\"text-indent: 2em;\"><strong>全面深化改革，开启了生产力、创造力和社会活力迸发的闸门，如何让这喷薄的洪流奔涌在既定的河道？</strong>正\r\n如习近平总书记在《关于〈中共中央关于全面推进依法治国若干重大问题的决定〉的说明》中所介绍的，党的十八届三中全会后，中央就开始着手研究和考虑党的十\r\n八届四中全会的议题。党的十八大提出了全面建成小康社会的奋斗目标，党的十八届三中全会对全面深化改革作出了顶层设计，实现这个奋斗目标，落实这个顶层设\r\n计，需要从法治上提供可靠保障。</p><p style=\"text-indent: 2em;\">“建设中国特色社会主义法治体系，建设社会主义法治国家”，党的十八届四中全会制定出全面推进依法治国的总蓝图，成为中共党史上第一次专门研究法治建设的中央全会。法律是治国之重器，法治是国家治理体系和治理能力的重要依托<strong>。全面推进依法治国，是解决党和国家事业发展面临的一系列重大问题，解放和增强社会活力、促进社会公平正义、维护社会和谐稳定、确保党和国家长治久安的根本要求。</strong>要推动我国经济社会持续健康发展，不断开拓中国特色社会主义事业更加广阔的发展前景，就必须全面推进社会主义法治国家建设，从法治上为解决这些问题提供制度化方案。</p><p style=\"text-indent: 2em;\"><strong>从严治党始终是我们党的自身要求，习近平总书记在我党90多年历史上首次提出“全面从严治党”，有其深刻的时代背景。</strong>党\r\n的十八大以来，以八项规定为肇始，以作风建设为突破口，以教育实践活动为深入拓展，以重拳反腐为强劲动力，全面从严治党的战略思想在实践中不断成熟。习近\r\n平总书记强调，新形势下坚持从严治党，就是要落实从严治党责任，坚持思想建党和制度治党紧密结合，严肃党内政治生活，从严管理干部，持续深入改进作风，严\r\n明党的纪律，发挥人民监督作用，深入把握从严治党规律。全面从严治党，核心问题是始终保持党同人民群众的血肉联系，始终保持党的先进性和纯洁性，重点是从\r\n严治吏、正风反腐、严明党纪，目标是增强自我净化、自我完善、自我革新、自我提高能力，确保党始终成为中国特色社会主义事业的坚强领导核心。</p><p style=\"text-indent: 2em;\"><strong>【“四个全面”之重要意义 马克思主义中国化的新飞跃】</strong></p><p style=\"text-indent: 2em;\"><strong>通观“四个全面”战略布局，发展是时代的主题和世界各国的共同追求，改革是社会进步的动力和时代潮流，法治是国家治理体系和治理能力现代化的重要依托，从严治党是执政党加强自身建设的现实要求。</strong></p><p style=\"text-indent: 2em;\">习\r\n近平总书记第一次将全面建成小康社会，定位为“实现中华民族伟大复兴中国梦的关键一步”；第一次将全面深化改革的总目标，标定为“完善和发展中国特色社会\r\n主义制度、推进国家治理体系和治理能力现代化”；第一次将全面依法治国这一战略举措，论述为全面深化改革的“姊妹篇”，形成“鸟之两翼、车之双轮”；第一\r\n次为全面从严治党标定清晰路径，“增强从严治党的系统性、预见性、创造性、实效性，使从严治党的一切努力都集中到增强党自我净化、自我完善、自我革新、自\r\n我提高能力上来，集中到提高党的领导能力和执政能力、保持和发展党的先进性和纯洁性上来”。这些创见，清晰地标定了“四个全面”之间的逻辑关系。</p><p style=\"text-indent: 2em;\">从\r\n“摸石头过河”到顶层设计，从单兵突进到全面统筹，从“四个现代化”到“第五个现代化”和“五位一体”……在当代中国的伟大实践中，沿着“什么是马克思主\r\n义、怎样对待马克思主义；建设什么样的社会主义、怎样建设社会主义；建设什么样的党、怎样建设党；实现什么样的发展、怎样发展”的思想脉络，我们党对民族\r\n复兴道路上的重大理论和实践问题认识不断深入。<strong>“四个全面”彰显了马克思主义与时俱进的理论品质，是最新科学社会主义观一系列基本理论观\r\n点的总概括，是中国共产党人坚定不移地坚持马克思主义的基本理论和基本信仰、继承党的思想理论建设优良传统的必然成果，是我们实现中国梦的共同思想基础，\r\n是我们从胜利走向新胜利的行动指南。</strong>它统一于党治国理政的伟大实践，统一于中国与世界的深刻互动，兼顾中国特色和世界潮流。它深化了对共产党执政规律、社会主义建设规律、人类社会发展规律的认识，是我们党把马克思主义基本原理和中国实际相结合的又一次重大突破。</p><p style=\"text-indent: 2em;\">今天的中国，“四个全面”正是我们党坚持和完善中国特色社会主义道路，回应时代关切、实现人民福祉、建设现代中国的基本方略。协调推进“四个全面”，把伟大梦想、伟大事业、伟大工程统一于造福人民的伟大实践，中华民族的光荣与梦想一定能够实现。</p>', '2015-04-11 21:59:38', '1', '2', '1', '16');
INSERT INTO `news_table` VALUES ('15', '中石化否认裁员200万人：员工总共才92万', 'TOM', '新华社', '中石化、裁员', null, '<p style=\"text-indent: 2em;\">【中石化要裁员200万？谣言！】@石化实说 \r\n：中石化总共员工92万，到哪去裁员200万？国企要深化改革、转型发展，一些能耗高效益差的老装置要停产，少数员工肯定要进行培训转岗。中石化一直秉承\r\n“不因改革让一位员工没有出路”理念，目前各企业人心稳定，生产经营一切正常。</p>', '2015-04-11 22:47:24', '1', '1', '1', '42');
INSERT INTO `news_table` VALUES ('16', '传统旅行社为什么缺乏进取心？', 'TOM', '新华社', '', null, '<p style=\"text-align:center\"><img src=\"http://localhost:8080/NewsPublish/ueditor/jsp/upload/image/20150411/1428763679500031068.jpg\"/></p><p style=\"text-indent: 2em; text-align: left;\"><a href=\"http://www.tripvivid.com/article/article847.html\" target=\"_self\" title=\"旅游O2O大背景下，为什么传统旅行社缺乏进取心？\"><strong>文/刘照慧（首发百度百家，执惠旅游联合创始人，亿欧网专家顾问）王延超</strong></a></p><p style=\"text-indent: 2em; text-align: left;\">伴随着移动互联网的迅速普及与发展，国内在线旅游业\r\n风起云涌，一路高歌猛进。自去年市场几家OTA掀起价格战以来，国内旅游业战火一直绵延，携程、去哪儿、途牛、艺龙财报巨亏，但换得弥足珍贵的市场份额，\r\n促进了在线旅游市场消费习惯养成，让国内在线旅游市场份额达到新的高度，尽管占全部旅游市场份额还不到一成。携程、去哪儿、途牛晋级为全球知名旅企。进入\r\n2015年战火大有愈演愈烈之势，2015年开春不久，几家OTA纷纷祭出了新的大招-“一元出境游”，虽然没多久被国家旅游局下架了，但惨烈程度可见一\r\n斑；作为消费者也算开了眼界，知道了出游前在线选择、预订很方便。</p><p style=\"text-indent: 2em; text-align: left;\">与此同时，传统旅行社千篇一律的陈旧产品和越来越多\r\n元化的旅游需求催生了一批更加个性的旅游企业、初创旅游企业。如6人游、不跟团、游心旅行和妙计旅行等，这些新型旅行企业主打深度定制游，即顾客提出出游\r\n需求，旅行顾问进行针对性的沟通交流，根据个体情况来确定行程与路书。从收客到制定出游行程，再到机票酒店安排、地接的整个过程中，旅行顾问成为定制游的\r\n关键角色。在此基础上，不同的定制游企业根据各自优势，在定制游方面又进一步细分，如游心旅行主打高端定制游，“不为屌丝服务”；妙计旅行主打大数据计算\r\n进行定制。虽然林林总总的初创旅行企业目前的总融资额才5亿元，远未形成气候，但这种独具特色的旅行项目无疑更加切合目前80后、90后年青一代的旅行需\r\n求，代表着未来旅游市场的前进方向，潜力不可小觑。</p><p style=\"text-indent: 2em; text-align: left;\">显然，无论是如火如荼崛起的在线旅行企业巨头还是主\r\n打定制游的初创企业，都看到了传统旅行社的不足之处，纷纷看好时机切入到旅行市场，希望从中国巨大的旅行市场中分一杯羹。传统旅行社企业或许看到了这些\r\n“入侵者”，或许对新情况不屑一顾，与这几年活跃异常的以互联网为基础的在线旅行企业相比，至今很少看到传统旅社企业站出来主动实行变革的报道。 \r\n在竞争激烈的旅游市场，掘墓人已经集结出发，开始壁咚传统旅行社市场，那么是什么原因导致传统旅行社缺乏积极进取、改进产品体验的动力？</p><p style=\"text-indent: 2em; text-align: left;\"><strong>一、国内旅游业人口红利还未结束</strong></p><p style=\"text-indent: 2em; text-align: left;\">旅游行业在我国经历了从行政旅游到商旅出游，再到大\r\n众出游的发展过程，细算下来，旅游业真正开始走向大众化进程也就二十来年，而且始终与我国经济发展水平紧密相连，根据相关研究报告显示，当前我国旅游的渗\r\n透率不足四成，也就是说还有近六成的人还没有过旅游经历；我国人口基数大，旅游的行业人口红利远未结束，尤其是在广大的三、四五线城市，市场空白足够大。\r\n这就对我国旅游行业形成两个影响：一方面一二线城市和内地三四五线城市少数人面临着旅游产品消费升级的需求，对出游品质、服务、个性化程度要求高；另一方\r\n面还有少数一二线城市和许多三四五线城市的人对初级的旅游产品有巨大需求，如观光游、跟团游等。而后一种情况正是传统旅行社的看家本领，主要业务量也都集\r\n中在这一块。光靠国内巨大的人口红利都够吃的了，闷声发财还来不及，哪有动力去费神费力琢磨什么个性化、特色的旅游产品，讨好消费者。&nbsp;</p><p style=\"text-indent: 2em; text-align: left;\"><strong>二、沉浸在垄断旧梦里</strong></p><p style=\"text-indent: 2em; text-align: left;\">国内有实力有资源的大社，在行业深耕多年，积累了庞\r\n大的业务量，每年收客数量都很可观，这些大的旅行已经形成了区域性的业务垄断；企业盘子大，经营上形成了强大的惯性，沉浸在垄断旧梦里，活的很滋润，干嘛\r\n要折腾，再说折腾了也不一定能实现良好的收益，在面临风险决策的时候，传统企业都倾向于选择保守，观望，继续闷声发财。即使做出变化，也是在琢磨如何进一\r\n步压缩成本，攫取更多利润，这也是目前多数旅行社最乐意干的。&nbsp;</p><p style=\"text-indent: 2em; text-align: left;\"><strong>三、经营粗放，缺乏转型升级的魄力</strong></p><p style=\"text-indent: 2em; text-align: left;\">现在国内旅游行业有个怪象：去往同一个目的地的线路\r\n内容基本都雷同，没有差异化、特色。究其原因是因为当一家旅行社辛苦开发出一条线路后，其他家不久也会纷纷推出同样的旅行线路，在内容相同的情况下，能比\r\n的就只有价格了，（举例）但是一条线路行业报价通常3000元左右的出境游，如果价差在一两千以上，那就得在吃饭、住宿、旅行项目方面小心了，旅行社肯定\r\n有办法把差价补回来，手段你懂得。</p><p style=\"text-indent: 2em; text-align: left;\">什么样的线路能非常容易被复制？那一定是没啥技术门\r\n槛的旅行产品，没什么核心竞争力要求的产品。难道开发不出来高质量的旅游产品？事实是只要肯下大力气，高投入，一款产品开发出来后，如何去推广，如何去收\r\n客对传统旅行社都是难题。相比于OTA,传统旅行社缺乏面向全国的流量平台，更缺乏运用现代大数据技术进行精准推送的能力，（比如像百度直达号可以根据用\r\n户浏览的网页，判断该用户的需求偏好，进而推送相关产品）。经营效率太低，新品营销费用远远高于销售这一款产品所带来的收人，迫于现实状况，只能安于现\r\n状。&nbsp;</p><p style=\"text-indent: 2em; text-align: left;\"><strong>四、多数旅行社能力有限，心有余而力不足&nbsp;</strong></p><p style=\"text-indent: 2em; text-align: left;\">国内目前有上万家旅行社，上规模的屈指可数，更多的\r\n是那些地方区域性的中小旅行社，大家发展水平参差不齐；而现在旅行社的竞争到最后，实质上是资本的竞争，从资本中延伸出来的就是资源采购竞争、客源竞争、\r\n营销竞争。众多中小旅行社缺乏客源及资金规模优势，就算立志创新，也因为在酒店、机票、景区、地接社等采购方面缺乏议价能力，造成成本高企，产品缺乏价格\r\n竞争力，最终死路一条，所以往往只是想想而已，力不从心。&nbsp;</p><p style=\"text-indent: 2em; text-align: left;\"><strong>五、在线旅游（OTA)以及新兴定制游企业还有很长的路要走&nbsp;</strong></p><p style=\"text-indent: 2em; text-align: left;\">目前90%以上的旅游还是通过传统旅行社来完成的，\r\n虽然借势移动互联网，OTA这两年吸引了资本市场的注意力，融资的融资，上市的上市，如明星一般频频见诸新闻，但是与传统旅行社比起来，体量还是太小；可\r\n以说在线旅游引领了国内旅游业的发展方向，离主导、颠覆还有很大的距离，对大多传统旅行社来说顶多算是个未来某个时期的潜在威胁。鹿死谁手尚不可知，远不\r\n会引起传统旅行社的恐慌。&nbsp;</p><p style=\"text-indent: 2em; text-align: left;\">最后从旅游消费者层面来说说，曾有业内人士称，开发\r\n高品质产品很容易，关键是品质上去了，价格也就高上去了，高质产品没人买单，同样的线路即使高出两三百，都不好销售；面对这种情况多数企业肯定不愿意去冒\r\n风险，还是老老实实以市场为导向，生产适销对路的“大路”产品吧。结果，我们今天只能忍受千篇一律的旅游体验，回来后吐槽一下，仅此而已。&nbsp;</p><p style=\"text-indent: 2em; text-align: left;\">两年前的零负团，前不久”一元出境游”在国内被生产\r\n出来但很快被下架了，而且无论前者还是后者从全球来看都具有浓厚的中国特色，无论出于什么目的都是一把营销绝杀利器。而消费者期望的永远都是质优价廉的产\r\n品、服务（全世界人民都应该会同意吧），靠低价手段取得的优势只是暂时的，一方面消费者是看中低价才来的，如果有其他对手报更低的价格或者人们消费观念升\r\n级后，消费者当然会抛弃你；另一方面，低价竞争是最原始粗放的经营手法，大家都会，能不能在价廉的同时质量优秀一点，这样对于消费者来说，迁移成本会大一\r\n些，从而提高用户黏性。&nbsp;</p><p style=\"text-indent: 2em; text-align: left;\">也许质优价廉是人们的一厢情愿的想法，但当传统大路\r\n产品烂大街的时候，个性化、特色的产品肯定会有更大的需求空间。人们旅游的目的在于寻找与目的地相关的真正属于个人的体验，体验原住民的生活方式和休闲方\r\n式，尝试当地特色饮食、民间风俗，这将成为旅行者一种真正独一无二的经历。现在旅游O2O是个方向，借助移动互联网高效的信息交互方式，即时的链接供方和\r\n需方，让个性化的需求及时得到满足，它能够助力传统旅游产业真正向多元化的旅游需求市场转型。相信不久的未来我们会拥有有更“奢华的”旅游体验。</p><p style=\"text-indent: 2em; text-align: left;\">声明：请尊重原创，转载文章，请务必注明一下信息：“本文作者刘照慧，旅游O2O第一自媒体，执惠旅游联合创始人；个人微信号liuzhao-hui，微信公众号“刘照慧”，欢迎关注，添加时请注明 [姓名+单位+职位] 方便备注，十分感谢！”</p>', '2015-04-11 22:48:22', '1', '1', '1', '35');
INSERT INTO `news_table` VALUES ('17', '洪学智夫人张文：把部队建设的钱用在刀刃上', 'TOM', '新华社', null, null, '<p><br/></p><p style=\"text-align: center; text-indent: 2em;\"><a href=\"http://china.cankaoxiaoxi.com/roll10/2015/0411/738247_2.shtml\" target=\"_self\"><img src=\"http://localhost:8080/NewsPublish/ueditor/jsp/upload/image/20150411/1428763760763094219.jpg\"/></a></p><p style=\"text-align: center; text-indent: 2em;\"><span style=\"font-size: 12px;\">图为张文近影</span></p><p style=\"text-indent: 2em;\">人\r\n物小传：张文，总后勤部原管理局顾问（副军职），1919年7月出生于四川省通江县，1933年2月参加红军，1936年2月加入中国共产党。1935年\r\n5月参加红四方面军长征，历经抗日战争、解放战争、抗美援朝战争。1957年荣获三级八一勋章、三级独立自由勋章、三级解放勋章。1988年荣获二级红星\r\n功勋荣誉章。</p><p style=\"text-indent: 2em;\">“为我们伟大的党点赞！老战友向守志的这句话，道出了我们红军老战士的共同心声。”走进北京海淀区一个幽静的小院，记者心怀崇敬拜访了96岁的女红军张文。老人简短的开场白，饱含深情。</p><p style=\"text-indent: 2em;\">客\r\n厅书桌上，整齐摆放着一叠《解放军报》。前不久，军报开辟“向习主席报告·老红军老八路的心里话”专栏，看到首篇专访南京军区原司令员向守志的文章后，张\r\n文特意给这位红四方面军的老战友打去电话，说他的心里话也是她想说的。那一天，已是耄耋之年的两位老人，聊了很多、很久……</p><p style=\"text-indent: 2em;\">客厅墙壁上，悬挂着习主席和张文老人的合影。“这张照片，是在纪念中国人民志愿军抗美援朝出国作战60周年大会上拍摄的。”老人向记者介绍，“习主席非常关心我们老红军，常常送来问候……”</p><p style=\"text-indent: 2em;\">“女中豪杰，戎马一生。”这是对老人革命生涯的高度概括。更具传奇色彩的，是与老人相濡以沫70个春秋的爱人——我军后勤工作奠基人和开拓者，1955年和1988年两次被授予上将军衔，并两次出任总后勤部部长的洪学智。</p><p style=\"text-indent: 2em;\">鹤发童颜，精神矍铄，张文坐在简朴的棉布沙发上，虽历经沧桑，却满面慈祥。虽然已近百岁，但老人身板硬朗、思维敏捷，有着惊人的记忆力。讲述厚重的人生经历，一个个珍藏在脑海中的细节扑面而来——</p><p style=\"text-indent: 2em;\">“雪山又高又冷，草地一望无边。我们呢，能吃的都在肚子里，能穿的都在身上，无医无药，天天都有战友牺牲……”作为红军女战士，张文在长征路上尝尽了艰辛。</p><p style=\"text-indent: 2em;\">“我所在的红四方面军被服厂共有6个班、100多名女战士，长征走到八里铺时，只剩下两个班。”拿出一张斑驳的老照片，老人深情地说，“比起牺牲在长征路上的战友，我们能看到新中国的诞生，能看到社会不断在发展，是多么幸运和幸福……”</p><p style=\"text-indent: 2em;\">穿越历史与现实的沧海桑田，跨过战争与和平的岁月更迭，张文始终保持着红军本色：生活俭朴，粗茶淡饭，即使年纪大了，仍亲手缝补旧衣服。三女儿洪炜告诉记者，母亲常说，虽然现在生活条件好了，但还要发扬艰苦奋斗的精神，绝不能伸手向国家要这要那……</p><p style=\"text-indent: 2em;\">说者平静，闻者动容。采访中听到的两个小故事，令记者感慨万千——</p><p style=\"text-indent: 2em;\">2006年洪学智将军逝世，留下644件遗物，其中国家一级革命文物有31件。张文把这些“无价之宝”，全部无偿捐献给了安徽金寨革命博物馆。</p><p style=\"text-indent: 2em;\">从参加红军起，张文就酷爱唱歌。前些年，儿女们准备为她花钱到录音棚制作一盘DVD。张文觉得花钱太多了，没有答应。然而，她却用省吃俭用积攒的工资，慷慨资助一所小学12万元。</p><p style=\"text-indent: 2em;\">该花的钱，一分也不省；不该花的钱，一分也不用。这样的家风、家规，早已融入儿女们的血脉。洪炜说：“勤俭持家，日子虽然平淡，但感觉幸福。这是父母带给我们最珍贵的财富。”</p><p style=\"text-indent: 2em;\">耳不聋，眼不花，张文依旧每天坚持练习钢笔字，并且非常关心党、国家和军队的发展，特别是军队后勤领域的变化。</p><p style=\"text-indent: 2em;\">“兵马未动，粮草先行。任何战争都离不开强有力的后勤保障。”说到这里，老人话锋一转：“随着国家的富强和军队的发展，‘红米饭、南瓜汤’‘小米加步枪’‘双脚赛过敌人汽车轮子’的后勤保障已一去不复返，但任何时候，勤俭建军的好传统都不能丢！”</p><p style=\"text-indent: 2em;\">今年全国两会期间的一则新闻，令张文印象深刻——2015年中央财政国防预算支出8800多亿元，军费连续5年保持两位数增长。</p><p style=\"text-indent: 2em;\">“要把‘好日子’当成‘紧日子’过，把部队建设的钱用在刀刃上！”张文说，现在军费不断增加，但不能大手大脚造成浪费。要按照习主席要求的那样，花钱有个章法，哪些钱能花，哪些钱不能花，都必须按章法办。</p><p style=\"text-indent: 2em;\">世间事，作于细，成于严。说起弘扬勤俭建军的优良传统，张文语调铿锵——</p><p style=\"text-indent: 2em;\">“如果花钱大手大脚成为一种普遍现象，浪费汇集起来就是一个巨大的数字。如果大家花钱办事都能紧一紧，节省的财力、物力，就能办成不少大事。”</p><p style=\"text-indent: 2em;\"><strong>“腐败不除，未战先败。徐才厚、谷俊山等人疯狂敛财的罪行，给人民军队抹了黑，令人痛心！”</strong></p><p style=\"text-indent: 2em;\"><strong>“要确保花过的每笔钱，都不负党和人民的信赖，经得住历史的检验！”</strong>（<span style=\"text-indent: 2em;\">记者张晓祺摄）</span></p>', '2015-04-11 22:49:56', '1', '8', '1', '35');
INSERT INTO `news_table` VALUES ('18', '海口政府网变“僵尸”：直到昨天市长仍为冀文林', 'TOM', '新华社', '海口、政府网、僵尸', null, '<p>海口政务网“体检”：有的“睡”了4年；有的“霸气侧漏”，网页上啥内容都没有；有的政民互动栏目“罢工”……</p><p style=\"TEXT-ALIGN: center\"><a href=\"http://news.haiwainet.cn/n/2015/0411/c3541083-28623532-2.html\" title=\"点击进入下一页\" target=\"_self\" class=\"prevpic\"><img alt=\"\\\" src=\"http://localhost:8080/NewsPublish/ueditor/jsp/upload/image/20150411/1428763835209078590.jpg\"/></a></p><p style=\"TEXT-ALIGN: center\"><a href=\"http://news.haiwainet.cn/n/2015/0411/c3541083-28623532-2.html\" title=\"点击进入下一页\" target=\"_self\" class=\"prevpic\"><img alt=\"\\\" src=\"http://localhost:8080/NewsPublish/ueditor/jsp/upload/image/20150411/1428763835542068432.jpg\"/></a></p><p style=\"TEXT-ALIGN: center\"><a href=\"http://news.haiwainet.cn/n/2015/0411/c3541083-28623532-2.html\" title=\"点击进入下一页\" target=\"_self\" class=\"prevpic\"><img alt=\"\\\" src=\"http://localhost:8080/NewsPublish/ueditor/jsp/upload/image/20150411/1428763836025082479.jpg\"/></a></p><p class=\"pictext\" style=\"TEXT-ALIGN: center\">　　政府网站截图</p><p>　　<strong>核心提示：</strong>提\r\n起政务网站，公众最反感的无疑是“僵尸”、“睡眠”现象。上月底国务院办公厅发文要求对全国网站进行普查，解决政府网站“不及时、不准确、不回应、不实\r\n用”等问题。昨日，记者浏览海口市各级政府政务网站发现，一些街道政务网站常年“沉睡”，已4年未更新。此外，昨日12时，记者登录海口市政府门户网站，\r\n发现“市长信箱”里只有3页信件，最新收到信件的时间为2010年4月26日，且所有信件的状态均为“作废”。此外，页面显示，市长仍为冀文林。昨晚，记\r\n者再次打开该网页时，“市长信箱”的信件共有170页，最近的更新时间变成了2015年4月10日，信件状态从“作废”变成“待审核”“已转办”“已办\r\n结”，市长也已更改为倪强。</p><p>　　10日12时，“市长信箱”的“来信全列表”一栏显示，所有信件只有3页，状态均为“作废”，在网页最左侧市领导一栏，市长为冀文林。</p><p>　　10日晚，“市长信箱”的“来信全列表”显示，信件共有170页，最新更新时间为2015年4月10日，信件状态为“待审核”“已转办”“已办结”，市长更改为倪强。（记者张野实习生陈栋文/图）</p><p><br/></p>', '2015-04-11 22:50:57', '1', '1', '1', '19');
INSERT INTO `news_table` VALUES ('19', '那些年，我们信过的化妆品广告', 'TOM', '新华社', '', null, '<p style=\"margin: 20px 0px 0px; padding: 0px; line-height: 28px; color: rgb(51, 51, 51); font-family: Verdana; font-size: 16px; font-style: normal; font-variant: normal; font-weight: normal; letter-spacing: normal; orphans: auto; text-align: left; text-indent: 0px; text-transform: none; white-space: normal; widows: auto; word-spacing: 0px; -webkit-text-stroke-width: 0px; background-color: rgb(255, 255, 255);\">&nbsp;&nbsp;&nbsp;&nbsp; 佳洁士美白牙膏广告造假给消费者们提了个醒，广告上的各种<a href=\"http://ypk.39.net/yaopin/zc/qfs/7c731.html\" target=\"_blank\" style=\"margin: 0px; padding: 0px; color: rgb(0, 150, 165); text-decoration: none; border-bottom-color: rgb(0, 150, 165); border-bottom-width: 1px; border-bottom-style: dashed;\">神奇</a>产品效果可能只是PS，或者只是“Duang”的一下，加了特效而已。许多品牌的广告语存在夸大不实或误导消费者的现象。今天就让小编为你揭露一些化妆品界常见广告语背后的真相，以后再买的时候可长点心吧！</p><p style=\"margin: 20px 0px 0px; padding: 0px; line-height: 28px; color: rgb(51, 51, 51); font-family: Verdana; font-size: 16px; font-style: normal; font-variant: normal; font-weight: normal; letter-spacing: normal; orphans: auto; text-align: left; text-indent: 0px; text-transform: none; white-space: normal; widows: auto; word-spacing: 0px; -webkit-text-stroke-width: 0px; background-color: rgb(255, 255, 255);\">　　<strong style=\"margin: 0px; padding: 0px;\">广告语：纯天然成分</strong></p><p style=\"margin: 20px 0px 0px; padding: 0px; line-height: 28px; color: rgb(51, 51, 51); font-family: Verdana; font-size: 16px; font-style: normal; font-variant: normal; font-weight: normal; letter-spacing: normal; orphans: auto; text-align: left; text-indent: 0px; text-transform: none; white-space: normal; widows: auto; word-spacing: 0px; -webkit-text-stroke-width: 0px; background-color: rgb(255, 255, 255);\">　　真相：产品表示含有纯天然成分，只是暗示该成分来自于植物或有机物，而不是人工合成的。“天然”一词引起消费者的广泛关注，很多人认为天然成分必定是安全或有效的。但当植物提取物添加入产品后，经过防腐、稳定处理，在与其他成分相混合后，基本上已经失去了它的“天然性”了。</p><p style=\"margin: 20px 0px 0px; padding: 0px; line-height: 28px; color: rgb(51, 51, 51); font-family: Verdana; font-size: 16px; font-style: normal; font-variant: normal; font-weight: normal; letter-spacing: normal; orphans: auto; text-align: left; text-indent: 0px; text-transform: none; white-space: normal; widows: auto; word-spacing: 0px; -webkit-text-stroke-width: 0px; background-color: rgb(255, 255, 255);\">　　<strong style=\"margin: 0px; padding: 0px;\">广告语：不含防腐剂</strong></p><p style=\"margin: 20px 0px 0px; padding: 0px; line-height: 28px; color: rgb(51, 51, 51); font-family: Verdana; font-size: 16px; font-style: normal; font-variant: normal; font-weight: normal; letter-spacing: normal; orphans: auto; text-align: left; text-indent: 0px; text-transform: none; white-space: normal; widows: auto; word-spacing: 0px; -webkit-text-stroke-width: 0px; background-color: rgb(255, 255, 255);\">　　真相：没有真正意义上不含防腐剂的护肤品，即使产品生产时未添加防腐剂，也不能保证原料没有防腐剂。而且不添加防腐剂，又怎样阻止微生物滋生呢？较为常用的方法就是以微生物无法生存的溶剂来替代防腐剂。但它和普通的防腐剂一样，具有致痘的危险。更重要的是，这类成分的抑菌效果差，特别是瓶装的膏霜类产品在开封后，基本上都是用手直接挖取，多次使用的化妆品很难避免二次污染。</p><p style=\"margin: 20px 0px 0px; padding: 0px; line-height: 28px; color: rgb(51, 51, 51); font-family: Verdana; font-size: 16px; font-style: normal; font-variant: normal; font-weight: normal; letter-spacing: normal; orphans: auto; text-align: left; text-indent: 0px; text-transform: none; white-space: normal; widows: auto; word-spacing: 0px; -webkit-text-stroke-width: 0px; background-color: rgb(255, 255, 255);\">　　<strong style=\"margin: 0px; padding: 0px;\">广告语：不含酒精</strong></p><p style=\"margin: 20px 0px 0px; padding: 0px; line-height: 28px; color: rgb(51, 51, 51); font-family: Verdana; font-size: 16px; font-style: normal; font-variant: normal; font-weight: normal; letter-spacing: normal; orphans: auto; text-align: left; text-indent: 0px; text-transform: none; white-space: normal; widows: auto; word-spacing: 0px; -webkit-text-stroke-width: 0px; background-color: rgb(255, 255, 255);\">　　真相：很多人会把产品是否含酒精当做是否使用这款产品的主要依据。事实上在许多情况下，人们错误地理解了酒精。酒精是一种常用成分，在护肤品中常作为溶剂使用，它可以起到稳定植物活性成分的作用，还可以清理角质帮助肌肤代谢。当然酒精确实对肌肤有一定刺激和干燥作用，一般来说，刺激物含量越大，刺激性越明显，但如果酒精列在成分表末尾的防腐剂前后，那就说明含量很低，不太会刺激皮肤。</p><p style=\"margin: 20px 0px 0px; padding: 0px; line-height: 28px; color: rgb(51, 51, 51); font-family: Verdana; font-size: 16px; font-style: normal; font-variant: normal; font-weight: normal; letter-spacing: normal; orphans: auto; text-align: left; text-indent: 0px; text-transform: none; white-space: normal; widows: auto; word-spacing: 0px; -webkit-text-stroke-width: 0px; background-color: rgb(255, 255, 255);\">　　<strong style=\"margin: 0px; padding: 0px;\">广告语：不含</strong><a href=\"http://fitness.39.net/food/565.html\" target=\"_blank\" style=\"margin: 0px; padding: 0px; color: rgb(0, 150, 165); text-decoration: none; border-bottom-color: rgb(0, 150, 165); border-bottom-width: 1px; border-bottom-style: dashed;\"><strong style=\"margin: 0px; padding: 0px;\">香料</strong></a></p><p style=\"margin: 20px 0px 0px; padding: 0px; line-height: 28px; color: rgb(51, 51, 51); font-family: Verdana; font-size: 16px; font-style: normal; font-variant: normal; font-weight: normal; letter-spacing: normal; orphans: auto; text-align: left; text-indent: 0px; text-transform: none; white-space: normal; widows: auto; word-spacing: 0px; -webkit-text-stroke-width: 0px; background-color: rgb(255, 255, 255);\">　　真相：原本这是用来告诉消费者产品不含香精或<a href=\"http://hzpk.39.net/hz/hufu/xz/6480d.html\" target=\"_blank\" style=\"margin: 0px; padding: 0px; color: rgb(0, 150, 165); text-decoration: none; border-bottom-color: rgb(0, 150, 165); border-bottom-width: 1px; border-bottom-style: dashed;\">芳香</a>性成分，但事实上未必如此。许多产品都会选用芳香的植物提取物，所以可能造成皮肤刺激、引发<a href=\"http://jbk.39.net/gm1/\" target=\"_blank\" style=\"margin: 0px; padding: 0px; color: rgb(0, 150, 165); text-decoration: none; border-bottom-color: rgb(0, 150, 165); border-bottom-width: 1px; border-bottom-style: dashed;\">过敏</a>反应或光毒反应（加剧阳光伤害）。不管是天然的还是合成的香料都不属于有益肌肤的成分。而且“不含香料”这个术语不受FDA的监管，所以列在产品标签上没有意义，最终你还是要留意产品的成分表。</p><p style=\"margin: 20px 0px 0px; padding: 0px; line-height: 28px; color: rgb(51, 51, 51); font-family: Verdana; font-size: 16px; font-style: normal; font-variant: normal; font-weight: normal; letter-spacing: normal; orphans: auto; text-align: left; text-indent: 0px; text-transform: none; white-space: normal; widows: auto; word-spacing: 0px; -webkit-text-stroke-width: 0px; background-color: rgb(255, 255, 255);\">　　<strong style=\"margin: 0px; padding: 0px;\">广告语：低敏感性或适合敏感皮肤</strong></p><p style=\"margin: 20px 0px 0px; padding: 0px; line-height: 28px; color: rgb(51, 51, 51); font-family: Verdana; font-size: 16px; font-style: normal; font-variant: normal; font-weight: normal; letter-spacing: normal; orphans: auto; text-align: left; text-indent: 0px; text-transform: none; white-space: normal; widows: auto; word-spacing: 0px; -webkit-text-stroke-width: 0px; background-color: rgb(255, 255, 255);\">　　真相：这两个术语暗示消费者不会造成过敏，但这种说法没有意义，其实不存在测试产品以判断会不会造成<a href=\"http://jbk.39.net/pfgm/\" target=\"_blank\" style=\"margin: 0px; padding: 0px; color: rgb(0, 150, 165); text-decoration: none; border-bottom-color: rgb(0, 150, 165); border-bottom-width: 1px; border-bottom-style: dashed;\">皮肤过敏</a>方面的监管标准，任何化妆品<a href=\"http://yqk.39.net/lz/yaochang/69dc9.html\" target=\"_blank\" style=\"margin: 0px; padding: 0px; color: rgb(0, 150, 165); text-decoration: none; border-bottom-color: rgb(0, 150, 165); border-bottom-width: 1px; border-bottom-style: dashed;\">公司</a>都可以随意使用这两个术语。由于没有明确的定义和标准，化妆品公司在使用这些术语时并不需要研究报告来证实。</p><p style=\"margin: 20px 0px 0px; padding: 0px; line-height: 28px; color: rgb(51, 51, 51); font-family: Verdana; font-size: 16px; font-style: normal; font-variant: normal; font-weight: normal; letter-spacing: normal; orphans: auto; text-align: left; text-indent: 0px; text-transform: none; white-space: normal; widows: auto; word-spacing: 0px; -webkit-text-stroke-width: 0px; background-color: rgb(255, 255, 255);\">　　<strong style=\"margin: 0px; padding: 0px;\">广告语：瞬间抚平皱纹</strong></p><p style=\"margin: 20px 0px 0px; padding: 0px; line-height: 28px; color: rgb(51, 51, 51); font-family: Verdana; font-size: 16px; font-style: normal; font-variant: normal; font-weight: normal; letter-spacing: normal; orphans: auto; text-align: left; text-indent: 0px; text-transform: none; white-space: normal; widows: auto; word-spacing: 0px; -webkit-text-stroke-width: 0px; background-color: rgb(255, 255, 255);\">　　真相：没有任何一种外用抗皱成分可以瞬间抚平皱纹，但具有黏合能力的分子胶等胶质成分就可以。别感到高枕无忧，胶质成分极易被水解，清水过后皱纹依旧屹立不倒。</p><p style=\"margin: 20px 0px 0px; padding: 0px; line-height: 28px; color: rgb(51, 51, 51); font-family: Verdana; font-size: 16px; font-style: normal; font-variant: normal; font-weight: normal; letter-spacing: normal; orphans: auto; text-align: left; text-indent: 0px; text-transform: none; white-space: normal; widows: auto; word-spacing: 0px; -webkit-text-stroke-width: 0px; background-color: rgb(255, 255, 255);\">　　<strong style=\"margin: 0px; padding: 0px;\">广告语：宝宝能用，妈妈也能用</strong></p><p style=\"margin: 20px 0px 0px; padding: 0px; line-height: 28px; color: rgb(51, 51, 51); font-family: Verdana; font-size: 16px; font-style: normal; font-variant: normal; font-weight: normal; letter-spacing: normal; orphans: auto; text-align: left; text-indent: 0px; text-transform: none; white-space: normal; widows: auto; word-spacing: 0px; -webkit-text-stroke-width: 0px; background-color: rgb(255, 255, 255);\">　　真相：宝宝能用的护肤产品，确实不会刺激到妈妈的肌肤，只是，这些产品根本无法满足妈妈这个年龄层的保养诉求。而女人过了25岁后，肌肤就会发生巨大的变化，修复力明显下降，此时对护肤的需求，必须由婴儿时期的滋润保护转为增强肌肤修复力，深层保湿提升细胞能量。此时，婴儿油就会显得力不从心了，妈妈们还是买一瓶适合自己需求的产品吧。</p><p style=\"margin: 20px 0px 0px; padding: 0px; line-height: 28px; color: rgb(51, 51, 51); font-family: Verdana; font-size: 16px; font-style: normal; font-variant: normal; font-weight: normal; letter-spacing: normal; orphans: auto; text-align: left; text-indent: 0px; text-transform: none; white-space: normal; widows: auto; word-spacing: 0px; -webkit-text-stroke-width: 0px; background-color: rgb(255, 255, 255);\">　　<strong style=\"margin: 0px; padding: 0px;\">广告语：如丝缎般顺滑感受</strong></p><p style=\"margin: 20px 0px 0px; padding: 0px; line-height: 28px; color: rgb(51, 51, 51); font-family: Verdana; font-size: 16px; font-style: normal; font-variant: normal; font-weight: normal; letter-spacing: normal; orphans: auto; text-align: left; text-indent: 0px; text-transform: none; white-space: normal; widows: auto; word-spacing: 0px; -webkit-text-stroke-width: 0px; background-color: rgb(255, 255, 255);\">　　真相：想要使化妆品产生如丝缎般顺滑感受，并不会真的在产品中添加真实的蚕丝萃取成分，而通常是运用硅氧烷弹性体类的原料来营造所谓的滑顺感。只有硅氧烷才能创造丝缎滑而不黏不油的触感。这种成分适量地添加在保养品中，修饰使用愉悦感无害，但多了就会阻碍后续产品的渗透。</p><p style=\"margin: 20px 0px 0px; padding: 0px; line-height: 28px; color: rgb(51, 51, 51); font-family: Verdana; font-size: 16px; font-style: normal; font-variant: normal; font-weight: normal; letter-spacing: normal; orphans: auto; text-align: left; text-indent: 0px; text-transform: none; white-space: normal; widows: auto; word-spacing: 0px; -webkit-text-stroke-width: 0px; background-color: rgb(255, 255, 255);\">　　<strong style=\"margin: 0px; padding: 0px;\">广告语：爆水科技、水凝转化科技</strong></p><p style=\"margin: 20px 0px 0px; padding: 0px; line-height: 28px; color: rgb(51, 51, 51); font-family: Verdana; font-size: 16px; font-style: normal; font-variant: normal; font-weight: normal; letter-spacing: normal; orphans: auto; text-align: left; text-indent: 0px; text-transform: none; white-space: normal; widows: auto; word-spacing: 0px; -webkit-text-stroke-width: 0px; background-color: rgb(255, 255, 255);\">　　真相：市面上曾经很火的号称拥有爆水科技的出水霜，大多是用大约10%的硅氧烷乳化剂与90%的水搭配，所做出来的硅氧烷包水(W/Si)的霜体。因为硅氧烷乳化剂的比例偏低，所以会有类似把高比例的水装在很薄的蛋壳内，稍微用力一搓，水分即破壳落出的作用。而硅氧烷乳化剂是偏不透气性的，当水珠破壳而出时，硅氧烷乳化剂已先行覆盖在皮肤表面，破壳后的水分，绝大部分难以再进入角质层。</p><p style=\"margin: 20px 0px 0px; padding: 0px; line-height: 28px; color: rgb(51, 51, 51); font-family: Verdana; font-size: 16px; font-style: normal; font-variant: normal; font-weight: normal; letter-spacing: normal; orphans: auto; text-align: left; text-indent: 0px; text-transform: none; white-space: normal; widows: auto; word-spacing: 0px; -webkit-text-stroke-width: 0px; background-color: rgb(255, 255, 255);\">　　<strong style=\"margin: 0px; padding: 0px;\">广告语：添加高浓度</strong><a href=\"http://ypk.39.net/zcy/qry/7ed99.html\" target=\"_blank\" style=\"margin: 0px; padding: 0px; color: rgb(0, 150, 165); text-decoration: none; border-bottom-color: rgb(0, 150, 165); border-bottom-width: 1px; border-bottom-style: dashed;\"><strong style=\"margin: 0px; padding: 0px;\">蜗牛</strong></a><strong style=\"margin: 0px; padding: 0px;\">黏液、100%蜗牛黏液</strong></p><p style=\"margin: 20px 0px 0px; padding: 0px; line-height: 28px; color: rgb(51, 51, 51); font-family: Verdana; font-size: 16px; font-style: normal; font-variant: normal; font-weight: normal; letter-spacing: normal; text-align: left; text-indent: 0px; text-transform: none; white-space: normal; word-spacing: 0px; background-color: rgb(255, 255, 255);\">　　真相：号称添加高浓度蜗牛黏液的产品不论是霜体或精华，都会有如<a href=\"http://fitness.39.net/food/8968.html\" target=\"_blank\" style=\"margin: 0px; padding: 0px; color: rgb(0, 150, 165); text-decoration: none; border-bottom-color: rgb(0, 150, 165); border-bottom-width: 1px; border-bottom-style: dashed;\">麦芽</a>糖般黏而拉长的丝状胶质。但其实这是添加中大分子的PEG(<a href=\"http://ypk.39.net/yaopin/d28c3.html\" target=\"_blank\" style=\"margin: 0px; padding: 0px; color: rgb(0, 150, 165); text-decoration: none; border-bottom-color: rgb(0, 150, 165); border-bottom-width: 1px; border-bottom-style: dashed;\">聚乙烯醇</a>)所创造出来的质地，跟蜗牛萃取无关。蜗牛萃取液并不带有如黏膜般稠度。平心而论，中大分子的PEG对肌肤并无害处，但过多的黏胶感造成皮肤的不透气，反而容易阻塞毛孔长<a href=\"http://jbk.39.net/cc/\" target=\"_blank\" style=\"margin: 0px; padding: 0px; color: rgb(0, 150, 165); text-decoration: none; border-bottom-color: rgb(0, 150, 165); border-bottom-width: 1px; border-bottom-style: dashed;\">粉刺</a>。</p>', '2015-04-12 22:10:37', '1', '5', '1', '19');
INSERT INTO `news_table` VALUES ('20', '先心患儿手术死亡率已降至1%', 'TOM', '新华社', '', null, '<p class=\"summary\" style=\"color: rgb(0, 0, 0); font-family: Simsun; font-size: medium; font-style: normal; font-variant: normal; font-weight: normal; letter-spacing: normal; line-height: normal; orphans: auto; text-align: start; text-indent: 0px; text-transform: none; white-space: normal; widows: auto; word-spacing: 0px; -webkit-text-stroke-width: 0px;\">&nbsp;&nbsp;&nbsp;&nbsp;核心提示：通过临床诊疗经验的积累和科研攻关，目前北京安贞医院小儿心脏中心对先心病患儿的手术死亡率已由原来的4%-6%降低到目前的1%左右，处于国际领先水平。</p><p>　　先天性心脏病是造成我国五岁以下儿童死亡的第一杀手。作为国内综合医院中最大的儿童心血管病中心，北京安贞医院小儿心脏中心每年的手术量已经由原来的400余台增长到每年近3000台。中心主任刘迎龙教授向北京青年报记者透露，通过临床诊疗经验的积累和科研攻关，目前该中心对先心病患儿的手术死亡率已由原来的4%-6%降低到目前的1%左右，处于国际领先水平。同时，为避免先心病患儿因手术疤痕而造成心理障碍，该中心探索一套从腋窝下手术的经验，让更多的孩子获得完美的术后体验。</p><p>　　<strong>积累临床经验&nbsp;挑战手术禁区</strong></p><p>　　先天性心脏病手术一直处于心脏外科手术的高难领域。在小如核桃的心脏上做精细操作，不仅要求医生具有极强的心理素质，还要求必须具备绝伦的技术水平。刘迎龙教授告诉记者，心脏中心曾经收治过一名8岁的孩子，初步诊断为“合并室间隔缺损的大动脉转位”。刘教授解释，国际上普遍认为这一疑难病症必须在出生后六个月之内完成手术，而不合并室间隔缺损的大动脉转位则必须在出生后两周之内做手术，超出了这两个界限的孩子，在医学界普遍认为不再具有手术价值。</p><p>　　刘教授及其团队在日常临床中发现，许多有此病症的孩子病情和病理结果并不吻合，于是在国际上首先提出了诊断性治疗的理念，最终突破了这一手术禁区。“这个孩子曾经辗转大江南北，没有一家医院愿意接诊，家庭也濒临难以为继的窘境。当孩子的父亲得知安贞医院小儿心脏中心对这种病有突破，父子俩辗转来到北京求医。”刘教授说，通过精细的诊断性治疗，他们发现孩子还是可以手术的，通过严密的术前准备，手术进行得很顺利，“孩子术后第八天就顺利出院了”。</p><p>　　像这样的病例，每天都会在小儿心脏中心出现。</p><p>　　元旦假日，一名女婴呱呱坠地。家人还来不及庆祝一个新生命降临，就发现孩子出现浑身青紫，经当地医院诊断为“室间隔完整型大动脉转位”。孩子的家长按捺不住恐惧与不安，拨通了安贞医院小儿心脏中心的病房电话。听到话筒里传来孩子父母的哭泣描述，护士一边安慰一边派人向刘主任汇报。刘主任刚刚下手术回到办公室，撂下饭碗便跑到护士站抓起电话。通过询问病情，刘主任建议患者迅速来安贞医院就诊。放下电话刘迎龙立即召集业务骨干，针对孩子的特殊情况做了周密部署。患儿及家长到京后，由临时组建的营救团队接应，入院第二天即顺利完成手术。在精密的术后监护和精准的治疗下，他们再一次从死神手里夺回了一个孩子的生命。</p><p>　　<strong>建立绿色通道&nbsp;&nbsp;立体诊疗患者</strong></p><p>　　看病难已经成为医疗领域的重要问题之一，而先心病患儿看病更是难上加难。北青报记者了解到，在经过多次摸索和实践后，北京安贞医院小儿心脏中心率先在全国开通了先心病诊治的绿色通道，每天清晨六点半就开始在病房内接诊病人，实行“先看病后挂号”，结合网络咨询和电话咨询，形成了立体的先心病诊疗模式。</p><p>　　通过网络咨询和电话咨询对孩子的疾病进行初步评估，通过绿色通道实现了院前“零等候”实时入院的绿色通道救治系统，最大程度减少患儿看病的费用和滞留时间，缓解来自各地的患儿及家属的辗转求医之苦。据了解，目前通过这一全新的立体化诊疗模式而获益的病人越来越多，获得了患者家属的普遍认可。“虽然医护人员每天会因此不得不承担更多额外的工作量，但这确实是中心每一名医护人员的本分。”刘教授告诉记者。</p><p>　　<strong>三级防治理念&nbsp;&nbsp;前移防治网络</strong></p><p>　　刘教授告诉北青报记者，先心病不同于遗传病，简单先心病可治性强、治疗效果理想，而复杂先心病治疗效果不一。因此，针对不同先心病发生发展的规律进行分段防治和个体化防治是极其重要的。</p><p>　　在积累了大量的临床经验后，刘教授和他的团队率先在国际上提出了先心病三级防治的理念，将先心病防治的前线前移，从孕前先心病致畸危险因素筛查到产前胎儿先心病筛查，从发现先心病到出生后先心病患儿的及时诊断适时治疗，形成了一整套先心病三级防治理念和策略，并通过每年先心病三级防治全国巡讲，将三级防治的理念普及到最需要的基层，从根源上降低先心病发病率。</p>', '2015-04-12 23:23:44', '1', '2', '1', '22');
INSERT INTO `news_table` VALUES ('21', '核医学治疗甲状腺癌 复发率可低至2%以下', 'TOM', '新华社', '', null, '<p class=\"summary\" style=\"color: rgb(0, 0, 0); font-family: Simsun; font-size: medium; font-style: normal; font-variant: normal; font-weight: normal; letter-spacing: normal; line-height: normal; orphans: auto; text-align: start; text-indent: 0px; text-transform: none; white-space: normal; widows: auto; word-spacing: 0px; -webkit-text-stroke-width: 0px;\">&nbsp;&nbsp;&nbsp;&nbsp;核心提示：专家建议及时做甲状腺相关检查，只要早发现、早诊断、早治疗，就可以将甲状腺癌这个“隐匿杀手”扼杀在“摇篮”之中。</p><p>　　近年来，深圳<a href=\"http://jbk.39.net/jzxa/\" target=\"_blank\">甲状腺癌</a>发病率不断上升，2014年则成为深圳女性第二大恶性肿瘤。虽然甲状腺癌来势汹汹，但专家建议及时做甲状腺相关检查，只要早发现、早诊断、早治疗，就可以将甲状腺癌这个“隐匿杀手”扼杀在“摇篮”之中。</p><p>　　4月8日，<a href=\"http://yyk.39.net/sz/zonghe/ee792.html\" target=\"_blank\">香港大学深圳医院</a>医学影像科的核医学中心正式开业，新成立的核医学中心配置了最先进的双探头SPECT—CT等设备，为患者提供全面的核医学检测外，还开设了独立的甲状腺癌病房，为<a href=\"http://jbk.39.net/jk/\" target=\"_blank\">甲亢</a>、甲状腺癌症患者进行隔离的核医学辅助治疗。据悉，使用核医学辅助治疗，甲状腺癌的复发率可低至1%—2%，如果治疗正确，往往30年—40年都不会复发。</p><p>　　<strong>甲状腺癌发病率逐年上升</strong></p><p>　　甲状腺癌是内分泌系统和头颈部肿瘤中最常见的恶性肿瘤，每年新发病例占所有癌症发病的1%—5%，近10年来，甲状腺癌成为深圳排位上升最快的恶性肿瘤。根据<a href=\"http://yyk.39.net/sz/zhuanke/1fdb4.html\" target=\"_blank\">深圳市慢性病防治中心</a>的统计，甲状腺癌在深圳报告的恶性肿瘤病例数中，2003年还未列入前十，但近10年来排名一直呈上升趋势，2014年已达到第4位。而在女性的恶性肿瘤杀手中则排到了第2位，仅次于<a href=\"http://jbk.39.net/rxa/\" target=\"_blank\">乳腺癌</a>。其中，患者主要为30岁—50岁的中青年，其中女性是男性的2倍多。</p><p>　　深圳各医院的临床观察也印证了这一趋势。港大深圳医院内分泌外科副顾问医生黄志恒介绍，港大深圳医院自2012年底开设内分泌外科至今，共进行约900例甲状腺手术，当中近1/3为恶性甲状腺癌，“恶性的比例较以往明显提升”。</p><p>　　为什么深圳甲状腺癌的发病不断上升呢？深圳市慢性病防治中心慢病检测科医生雷林解释，其发病原因可能是多种因素共同作用的结果。一方面，随着体检颈部彩超的普及，甲状腺微癌检出率明显提高；另一方面，环境污染、电离辐射、精神压力、碘摄入量改变、<a href=\"http://jbk.39.net/keshi/neike/neifenmi/48e8e.html\" target=\"_blank\">桥本甲状腺炎</a>发病率的升高，都可能是造成甲状腺癌发病率升高的原因。</p><p>　　“甲状腺疾病、甲状腺癌在早期并没有明显症状，所以过去日常生活中人们一般不会去专门做检查，体检中也不会做甲状腺的检查，因此不能早期发现甲状腺癌。”<a href=\"http://yyk.39.net/sz/zonghe/1fd60.html\" target=\"_blank\">北大深圳医院</a>甲乳科主任韦伟说，如今甲状腺检查纳入日常体检项目中，甲状腺疾病发病率提高了，导致人们对于自身的健康状况关注程度也增加了。</p><p>　　<strong>彩超体检可早期发现</strong></p><p>　　甲状腺癌主要分为乳头状癌、滤泡性癌、未分化癌、髓样癌等四种类型。“甲状腺癌并不可怕。”韦伟说，甲状腺癌中有90%是乳头状癌，但是90%以上的乳头状癌手术预后效果都很好，尤其是45岁以下的乳头状癌患者。</p><p>　　在众多恶性肿瘤的术后效果中，甲状腺癌的5年—10年存活率是最高的。“从5年存活率来看，<a href=\"http://jbk.39.net/wa/\" target=\"_blank\">胃癌</a>的存活率是50%，而甲状腺癌可以达到90%—95%。”韦伟说，而45岁以下的患者更是达到100%，其10年存活率也可达到90%以上。</p><p>　　早发现、早治疗，可大幅提高甲状腺癌的存活率。韦伟说，目前深圳医院早期筛查甲状腺癌不仅使用彩超等先进设备，而且精密度大幅调高，“检查设备都配有高频探头，能发现更多的甲状腺癌，以前用手都摸不出来的甲状腺癌也能发现了。”而且除了超声外，还有造影技术，检查手段多样化，发现的甲状腺癌也越来越多。</p><p>　　由于甲状腺癌早期没有征兆，要发现甲状腺癌必须通过医学检查。据介绍，早期医学检查发现甲状腺癌的方法有几种：首先是进行B超检查，彩超检查对于判断甲状腺结节的良恶性有较大帮助。因为甲状腺癌的超声波图像有一些鲜明的特点，诸如回声低、微小钙化、边界不清和血流增加等，B超还可以探测到平时触诊不到的颈部淋巴结，扩大检查范围；其次是针吸细胞学检查，在B超引导下穿刺结节的实性部分，抽取细胞进行检测，极大地提高了诊断率；再次是活检针穿刺。</p><p>　　据悉，目前深圳的甲状腺早期癌都是通过B超体检发现的，早期发现的比例达到60%—70%，而一般从甲状腺癌长出结节到被直接发现则需要5年的时间。因此，韦伟建议，每年体检中都要做一次甲状腺检查，以便能早发现、早治疗。</p><p>　　<strong>碘131可“追杀”甲状腺细胞</strong></p><p>　　手术是甲状腺癌目前主要的治疗方法。传统的手术治疗就是在脖子下方开一个切口，把甲状腺切除，并做淋巴结清扫术。目前，核医学也是甲状腺癌非常重要的一种治疗手段，是甲状腺手术的重要补充。</p><p>　　8日，香港大学深圳医院医学影像科的核医学中心正式开业，新成立的核医学中心配置了最先进的双探头SPECT—CT等设备，除了为患者提供全面的核医学检测外，还将直接治疗甲亢、甲状腺癌症等疾病。该中心也开设独立的甲状腺癌病房，方便为病人进行隔离的核医学辅助治疗。</p><p>　　核医学通常将低剂量的放射性核素注入人体器官，精确诊断器官功能是否发生病变或预判将来会否发病，在现代医学中，已成为一种安全有效的诊断和治疗“利器”。港大深圳医院核医学中心主管杨炜秋教授说，除检查之外，核医学也具有强大的治疗功能，就像“核武器”一样精确打击病变组织，对付甲亢、甲状腺癌尤为有效。碘是甲状腺合成甲状腺激素的必需原料，核素碘131经口服后能很快被吸收到血液里，并被甲状腺摄取。碘131可以释放射线，使局部甲状腺细胞受到辐射而出现凋谢、溶解和吸收，毁灭局部过度活跃的甲状腺组织。而且，这种射线射程仅两三毫米，只会破坏局部功能亢进的甲状腺组织，不会损害邻近的正常组织。</p><p>　　“目前国际上使用手术全切除+核素碘131辅助治疗+甲状腺激素抑制的三部曲，已使早期甲状腺癌的复发率低达1%—2%。”杨炜秋教授说。手术治疗癌症的最大挑战之一就是癌变组织切除得不干净，而对于甲状腺癌来说，在外科手术结束后，可以通过核医学的碘全身扫描，将碘131这种核素引入体内，就像“制导导弹”一样精确追踪并杀死残留的甲状腺组织和微小病灶，真正做到“不留死角”。“所以甲状腺癌已成为最容易治愈的癌症之一，如果治疗正确，往往三四十年都不会复发。”杨炜秋说。目前，碘131疗法已成欧美治疗甲亢的最常用方法，被誉为“不开刀的手术”，比开刀手术切除甲状腺更安全有效。</p><p>　　杨炜秋说，核技术早在上世纪40年代末就开始应用于医学领域，但由于核战争和核泄漏事故的影响，人们对放射线普遍抱有恐惧心理。“事实上，核医学检查的辐射比同类的X光、CT检查都要小，注入人体的放射性物质剂量极低，对受检者是绝对安全的”。</p>', '2015-04-12 23:24:38', '1', '2', '1', '36');
INSERT INTO `news_table` VALUES ('22', '近四成双相障碍被误诊为抑郁', 'TOM', '新华社', '', null, '<p class=\"summary\" style=\"color: rgb(0, 0, 0); font-family: Simsun; font-size: medium; font-style: normal; font-variant: normal; font-weight: normal; letter-spacing: normal; line-height: normal; orphans: auto; text-align: start; text-indent: 0px; text-transform: none; white-space: normal; widows: auto; word-spacing: 0px; -webkit-text-stroke-width: 0px;\">&nbsp;&nbsp;&nbsp;&nbsp;核心提示：双相障碍是一种重性精神类疾病，病人有三分之二的时间处于抑郁状态，医生只看到病人痛苦抑郁的一面，便很容易判定其为抑郁症，据统计，患者首次发病到确诊为双相障碍的平均时间为10年，37%的双相障碍会被误诊为抑郁症。</p><p>　　很多人都听说过抑郁症、精神分裂症等精神疾病，但对于双相情感障碍却闻所未闻。陌生的疾病名称，但是它的患者却已数不胜数。在由赛诺菲公司主办的“世界双相障碍日”媒体发布会上，深圳精神卫生中心、中国医师协会精神科分会副会长刘铁榜教授表示：双相障碍是一种重性精神类疾病，被世界卫生组织排名为第六大精神疾病。全球范围内，双相障碍患病率甚至比分裂症高，分裂症患病率为0.5%，而双相障碍竟高达2%。据国际研究，美国双相障碍发病率为4%，而深圳则达到1.5%成为全国最高。双相障碍患者自杀风险是普通人群的10倍，双相障碍相关起因在自杀比例中占70%左右。</p><p><strong>　　家长要多关注青少年的情绪变化</strong></p><p>　　据刘铁榜教授介绍，双相障碍为青少年高发疾病，发病年龄在15-19岁左右。双相障碍的患者情绪波动高低反差极大，高兴时兴奋激动做事草率，低落时整日闷闷不乐，不愿动弹，食欲下降。正是因为这些发病症状及发病年龄，双相障碍患者常常难以被发现，被家人误认为仅仅是青春期逆反，耽误就诊时间。</p><p>　　到底如何去鉴别青春期的孩子到底是爱折腾还是患病呢？刘铁榜表示，如果单凭观察很难去分辨，家属和孩子自身都要有主动意识，如果孩子青春期动荡不安，应该及时咨询专家，专家不但可以帮助孩子梳理情绪，而且如果孩子真的患病可尽早发现并就医。</p><p>　　“这是一个持续终生的疾病，但令人欣慰的是这个病是可控的，我们现在有很好的治疗方法，包括物理疗法、药物疗法，病情能够得到很好的控制，”刘铁榜做了个类比，高血压和糖尿病也是持续终身的疾病，就像这些一样，双相障碍得到控制后，病人的生活质量也能得到很大提高，恢复社会功能。</p><p><strong>　　37%双相障碍被误诊为抑郁</strong></p><p>　　双相障碍患者情绪变化极快，躁狂发作是情感高涨、语言增多，活动增多，身边的家人朋友可能只会觉得患者是性格外向开朗，人逢喜事精神爽，根本不会想到是双相障碍在作怪，而此时病人也不可能求医咨询。当病人抑郁发作时，情绪低落，思维迟缓，甚至可能出现幻觉，此时患者本人和家人才会发现问题，从而就医。病人有三分之二的时间处于抑郁状态，医生只看到病人痛苦抑郁的一面，便很容易判定其为抑郁症，据统计，患者首次发病到确诊为双相障碍的平均时间为10年，37%的双相障碍会被误诊为抑郁症。</p><p>　　据刘铁榜介绍，双相障碍的患者若被误诊为抑郁，单一使用抑郁药，反而会加重病情，循环加快，情绪波动性会更加明显，病情会更加难以控制。“要鉴别双相障碍和单相抑郁十分困难，但也有线索寻”，刘教授讲述了四点线索：第一，发病年龄越小越可能是双相障碍；第二，家族中是否有患者；第三，病人在发病前是否处于一种情感旺盛的状态，充满激情，不知疲倦；第四，病人服用抗抑郁药后是否转为躁狂。</p><p><strong>　　双相障碍成就艺术？</strong></p><p>　　双相情感障碍，又有一说是双相的人生，对生活更加深刻极端的两极感受，贝多芬、梵高等都被推测为双相患者，除却病痛的折磨的无奈，情绪的双极性是不是也给患者带来艺术灵感呢？北京大学第六医院精神科马燕桃教授认为，双相障碍是一种情绪病，情绪病是好是坏，它是给人以资源还是挑战，是让人获得的多还是失去的多，其实很难下断言。</p><p>　　马燕桃表示，虽然我们不能从学术的角度去判断双相障碍是否有助于艺术成就，但我们可以通过艺术的表现去理解情绪，觉察情绪。艺术作品往往能呈现作者的心理现象，心理现象外化后即为情绪和行为，所以理解抑郁，理解我亢奋，理解愤怒，可能有助于我们理解双相障碍。</p>', '2015-04-12 23:25:46', '1', '5', '1', '25');
INSERT INTO `news_table` VALUES ('23', '自闭症从罕见病变流行病', 'TOM', '新华社', '', null, '<p class=\"summary\" style=\"color: rgb(0, 0, 0); font-family: Simsun; font-size: medium; font-style: normal; font-variant: normal; font-weight: normal; letter-spacing: normal; line-height: normal; orphans: auto; text-align: start; text-indent: 0px; text-transform: none; white-space: normal; widows: auto; word-spacing: 0px; -webkit-text-stroke-width: 0px;\">&nbsp;&nbsp;&nbsp;&nbsp;核心提示：在我国，自闭症经历了从罕见病到流行病的转变。然而我国到目前为止，尚未开展针对自闭症的全国性流行病学调查，只有部分省市和地区进行过此类调查，如北京、深圳和广州。北京、深圳、广州等地调查显示，我国的自闭症谱系障碍者比率约1%。以此推算，全国自闭症个体可能超过1000万，0至14岁儿童的数量超过200万。</p><p>　　到目前为止，世界各国对儿童自闭症的病因研究仍未有明确结论，自闭症仍然无药可医，但早期的行为干预是目前有科学数据证明的、可以帮助自闭症儿童减轻其核心症状的可行方法。</p><p>　　4月2日晚，北京、上海、广州、重庆、南京、成都、海口、长沙等49个城市的地标性建筑，同时点亮蓝灯，意在唤醒社会对自闭症的重视。自闭症儿童又被称为“星星的孩子”。从2008年起，联合国将每年的4月2日定为世界自闭症日，呼吁大家关注自闭症，关注自闭症儿童，力争让这些“星星的孩子”走入人间，不再孤独。</p><p>　　自闭症谱系障碍，又称孤独症，是一类起病于婴幼儿时期的神经发育障碍性疾病，以社会交往和沟通障碍、重复刻板行为及狭隘兴趣为核心症状，常伴有语言障碍或智力低下。婴儿6个月大后，却分不清父母、亲人，无法感知情感，没有交往的欲望和能力，既不参与也不痛苦，更不羡慕，很少说话、说很少的话，甚至慢慢完全不说话。</p><p>　　自闭症1943年被发现，一直到1970年，它都被认为是父母亲的冷漠或教养不当造成的。后来的研究彻底否定了这个理论，自闭症不是由父母亲冷漠或者教养不当造成的。这些年来研究的焦点集中在染色体、遗传、基因方面，自闭症跟基因的异常或者是基因表达的异常有关。</p><p>　　据美国疾病控制与预防中心最新统计，截至2014年，自闭症谱系障碍的发病率为1/68，男孩患病率为1/42。在我国，自闭症经历了从罕见病到流行病的转变。然而我国到目前为止，尚未开展针对自闭症的全国性流行病学调查，只有部分省市和地区进行过此类调查，如北京、深圳和广州。北京、深圳、广州等地调查显示，我国的自闭症谱系障碍者比率约1%。以此推算，全国自闭症个体可能超过1000万，0至14岁儿童的数量超过200万。</p><p>　　近年来，自闭症的发生率一直呈现不断上升的趋势，成为一个世界性的难题。到目前为止，世界各国对儿童自闭症的病因研究仍未有明确结论，仍然无药可医，但早期的行为干预是目前有科学数据证明的、可以帮助自闭症儿童减轻其核心症状的可行方法。然而，日前发布的《中国自闭症教育康复行业发展状况报告》表示，由于我国尚未开展针对自闭症的全国性流行病学调查，导致多数自闭症儿童在发现时已错过了最佳干预期，这些孩子成长之后会成为家庭和社会的沉重负担。</p><p>　　在儿童9个月时，就应该进行自闭症筛查。如果发现孩子在语言、情感、兴趣、智能等存在异样，家长要及早带孩子就诊心理科、精神科，将对儿童进行心理检查、身体检查置于等同位置，以防错过最佳治疗时期。在治疗阶段，要借助专业机构，由专业人员结合具体理论、设施，对患病儿童进行专业化、系统化、个性化治疗。此外，在我们身边还有这样一群处在灰色地带的“患儿”，他们或语言发育迟缓，或交往能力受限，或认知能力欠缺，但又够不到自闭症患儿的标准。对这些“类自闭症患儿”也要早干预，否则可能耽误最佳矫正时机。</p><p>　　对待自闭症儿童，教育与康复训练是目前唯一证明有效的矫治途径。自闭症孩子一般难以管理自己的情绪，无法表达自己的感受，有时会没有预兆地哭闹喊叫，那是他们宣泄的方式，大家遇到时请一定要以最大的爱心去包容他们。同时，家长要多带自闭症孩子参与各种社会活动，帮助孩子接受各方面的信息刺激促进成长，另一方面也让社会更多地了解自闭症。</p>', '2015-04-12 23:26:50', '1', '1', '1', '96');
INSERT INTO `news_table` VALUES ('24', '我国未来脑疾病负担或达万亿', 'TOM', '新华社', '', null, '<p class=\"summary\" style=\"color: rgb(0, 0, 0); font-family: Simsun; font-size: medium; font-style: normal; font-variant: normal; font-weight: normal; letter-spacing: normal; line-height: normal; orphans: auto; text-align: start; text-indent: 0px; text-transform: none; white-space: normal; widows: auto; word-spacing: 0px; -webkit-text-stroke-width: 0px;\">&nbsp;&nbsp;&nbsp;&nbsp;核心提示：“只要大脑的奥秘尚未大白于天下，宇宙仍将是一个谜。”1906年诺贝尔奖获得者、西班牙神经组织学家拉蒙-卡哈尔说。脑科学的研究一旦获得突破，影响将是深远的——脑科学会是下一个工业创新点吗？</p><p>　　脑是自然界最复杂的系统之一。直至今天，人类还没有真正了解自己的大脑。在全球范围内，关于脑科学研究的竞争与角力早已展开——</p><p>　　记者日前获悉，中国学者正在积极参与推进脑科学研究和转化应用。复旦大学牵头联合浙江大学、华中科技大学、同济大学、上海交通大学等十几所高校及中科院研究所，成立了“脑科学协同创新中心”。上海市政府已将脑科学与人工智能列为重大科技项目，作为建设具有全球影响力的科技创新中心的一个重要举措。</p><p>　　2013年，欧盟启动10亿欧元“人脑计划”；同年，美国宣布启动45亿美元美国“脑计划”；2014年，日本也启动了大型脑研究计划。可以说，脑科学是21世纪最富有挑战性的重大科学问题，也是当前国际科学前沿的热点领域，被视为新的经济增长点和引领新革命的重要引擎。</p><p><strong>　　隐秘的“兵家必争之地”</strong></p><p>　　为什么时隔几十年我们仍能牢牢记住一个人？为什么我们可以计算复杂的数学题？当我们高兴时、生气时，大脑又是怎样工作的？大脑是人类最复杂的一个系统，它由860亿个神经元组成，每个神经元又生出1000个分支。如此庞大精细的网络，将全世界的计算机放在一起运行都无法逾越。</p><p>　　因此，脑科学的研究愈显重要与迫切。认识大脑，就是认识人类自身，认识脑的奥秘是对人类的终极挑战。脑科学的发展，对脑疾病的防治、信息和智能产业的发展有着巨大的推动作用。有数据显示，在我国，脑相关疾病导致的死亡人数已占死亡总数的25%以上。据估算，我国未来的脑疾病负担可能达到每年上万亿元的水平。脑科学研究的突破，必将推动脑疾病防治的根本进步。</p><p>　　记者了解到，近年来，世界多个国家加快了脑科学研究的步伐。脑科学研究已成“兵家必争之地”，吸引全球众多顶尖科学家投身其中。在了解人脑的结构和功能的共识下，各国的“脑计划”有所不同。欧盟的计划侧重从脑连接图谱以超级计算机技术来模拟脑功能，美国的计划更关注研发新型脑研究技术，而日本的计划则聚焦以狨猴为模型研究各种脑功能和脑疾病的机理。</p><p><strong>　　脑科学的突破将带来深远影响</strong></p><p>　　“只要大脑的奥秘尚未大白于天下，宇宙仍将是一个谜。”1906年诺贝尔奖获得者、西班牙神经组织学家拉蒙-卡哈尔说。</p><p>　　而脑科学研究一旦有所突破，影响也将是深远的。2005年，美国《科学》杂志创刊125周年，曾公布未来25年的125个重大科学问题，有18个属于脑科学领域。到目前为止，有四分之一的诺贝尔生理学或医学奖颁给了脑科学。</p><p>　　相关科学家表示，近三年来，植根于脑科学的人工智能研发取得了突破性进展，引爆了新的科技和产业革命。国际高科技产业巨头已开启大规模投入，一大批创新产品已经推出，后续竞争异常激烈。2011年，“谷歌大脑”项目在人类历史上首次实现了机器系统对各种不同类型猫图像的自动识别，正确率与人类似。随着新型人工智能被快速推广到公共安全、金融投资与风险调控、医疗诊断、新药开发等关系国计民生的重要领域，势必带来新一轮的产业革命。</p><p>　　记者了解到，类脑计算和人工智能研究将是上海脑计划的重要组成部分。学者判断，类脑计算和人工智能研究二者的相互促进将成为未来科学研究和产业革命新的爆发点和增长点。</p><p><strong>　　脑科学需要多学科交叉攻关</strong></p><p>　　目前，各国脑计划都面临着同样的一个难题——人脑数百亿个神经元以毫秒的时间尺度在工作，并随时调整结构与功能，复杂度堪比宇宙，解析脑就必须发展新技术、新理论、新方法，并通过多学科交叉进行有效的科学攻关。</p><p>　　上海数学中心首席专家、复旦大学数学科学学院特聘教授冯建峰介绍，人工智能近年的突破主要归功于类脑的初步模拟、大数据和强大的计算能力。目前取得突破的人工智能更多沿用经典的计算框架，如何借助脑科学的研究成果，突破现阶段模拟计算中的瓶颈，是人工智能推向新阶段（类脑人工智能）的必然路径。另一方面，类脑人工智能也将有助于破解当前脑科学研究中的核心难题，对真实神经系统的计算模拟将为脑功能的认识提供崭新的思路。</p><p>　　疾病辅助诊断、新药研发、智能机器人、自动驾驶、金融投资与风险调控、医学影像……脑科学研究的成果正在进入人们的生活。“脑科学会是下一个工业创新点吗？我的回答是肯定的。除了宇宙，这或许是我们要探究的最后的奥秘。”冯建峰说。</p>', '2015-04-12 23:27:18', '1', '1', '1', '184');
INSERT INTO `news_table` VALUES ('25', '你还在被忽悠吗？食品广告中的4句经典废话', 'TOM', '新华社', '', null, '<p class=\"summary\" style=\"color: rgb(0, 0, 0); font-family: Simsun; font-size: medium; font-style: normal; font-variant: normal; font-weight: normal; letter-spacing: normal; line-height: normal; orphans: auto; text-align: start; text-indent: 0px; text-transform: none; white-space: normal; widows: auto; word-spacing: 0px; -webkit-text-stroke-width: 0px;\">&nbsp;&nbsp;&nbsp;&nbsp;核心提示：在各种营养成分、科学术语和最新研究的轰炸中，各种新奇的“健康食品”总能大赚其钱。不过，当我们用专业眼光去审视那些“看起来很有道理”的介绍，却发现多数都是忽悠。</p><p>　　每个人都希望吃到“健康食品”，许多商家也就如大家所愿地提供各种“健康食品”。在各种营养成分、科学术语和最新研究的轰炸中，各种新奇的“健康食品”总能大赚其钱。不过，当我们用专业眼光去审视那些“看起来很有道理”的介绍，却发现多数都是忽悠——或者，只是正确的废话。以下是最常见的几种废话：</p><p>　　<strong>1.含人体必需的XX。</strong>人体正常运转需要许多物质，但“人体必需”跟“需要补充”是两码事。一种情况是，人体需要的物质要人体自己产生才有用，吃进来的没用，比如<a href=\"http://hzpk.39.net/hz/gongju/5ce95.html\" target=\"_blank\">胶原蛋白</a>和各种酶（即“酵素”）。另一种情况是，只要能正常吃喝就不会缺乏，比如磷、氯、钠、脂肪、碳水化合物等。用某种食物含有多少“人体必需的物质”来显示它有多“健康”，完全是偷换概念。</p><p>　　<strong>2.含有XX种营养成分。</strong>人体需要从食物中摄取多种营养成分，每一种都有各自适宜的需求量。除了婴儿，人们每天都吃多种食物，各种食物的总和才构成摄取的营养组成。一种好的食物，能高效提供某种或某几种容易缺乏的营养成分（如<a href=\"http://jck.39.net/jiancha/huaxue/shjc/d9bc3.html\" target=\"_blank\">蛋白质</a>、纤维、<a href=\"http://jck.39.net/3/jianchazuhe/70/d9bc6.html\" target=\"_blank\">维生素</a>等），而附带的需要限制摄入的营养成分却比较少（如脂肪和糖）。“含有多少种营养成分”是个没有价值的指标———至于广告中所说的“含有XX种维生素、XX种<a href=\"http://hzpk.39.net/hz/hufu/ms/5d6dd.html\" target=\"_blank\">矿物质</a>等人体需要的营养成分”，随便拿一把野草去检测，也都可以检测出类似的结果。</p><p>　　<strong>3.含量比某食物高XX倍。</strong>典型的例子，比如“<a href=\"http://spk.39.net/shipin/shucai/qtscl/e0e64.html\" target=\"_blank\">玫瑰</a>盐的含铁量是普通盐的几十倍”“<a href=\"http://fitness.39.net/food/16948.html\" target=\"_blank\">螺旋藻</a>的蛋白含量是<a href=\"http://fitness.39.net/food/3325.html\" target=\"_blank\">牛奶</a>的二十多倍”。前者是因为普通盐中几乎不含有铁，玫瑰盐中只要有一点，就是很多倍。而后者，则是把螺旋藻的干重跟百分之八十多都是水的牛奶相比。其实不管玫瑰盐中的铁是普通盐的多少倍，每天都只能吃几克盐，其中的铁完全可以忽略。而螺旋藻中的蛋白含量虽然高，但每天吃上几克就已经价格不菲，而牛奶喝上几百克也不成问题，所以牛奶是蛋白质的优质来源而螺旋藻不是。谈论食物中的营养成分，不考虑正常食用量以及所含的量占每天需求量的比例，说得<a href=\"http://jbk.39.net/th/\" target=\"_blank\">天花</a>乱坠也都没有意义。</p><p>　　<strong>4.XX大学研究发现。</strong>任何一种食品或食品成分的健康功效，都要经过多年、大量、各角度、多机构的研究，才能形成共识被认可。在食品广告中，“XX大学研究发现”往往只是在特定条件、特定体系中的初步研究，有科研价值但远远不足以作出“结论”。而很多广告，是把研究结果进行了歪曲夸大来忽悠公众。</p><p><span style=\"white-space: normal;\">　　</span>(本文作者为美国普度大学农业与生物系食品工程专业博士）</p>', '2015-04-12 23:29:31', '1', '4', '1', '85');
INSERT INTO `news_table` VALUES ('26', '以法律的强制力避免“过劳死”悲剧', 'TOM', '新华社', '', null, '<p class=\"summary\" style=\"color: rgb(0, 0, 0); font-family: Simsun; font-size: medium; font-style: normal; font-variant: normal; font-weight: normal; letter-spacing: normal; line-height: normal; orphans: auto; text-align: start; text-indent: 0px; text-transform: none; white-space: normal; widows: auto; word-spacing: 0px; -webkit-text-stroke-width: 0px;\">&nbsp;&nbsp;&nbsp;&nbsp;核心提示：休息休假是职工依法享有的基本权利，职工行使和实现休息休假权利的状况如何，相当程度上体现了公民权利的保障水平。</p><p>　　《中共中央国务院关于构建和谐劳动关系的意见》日前印发，其中强调保障职工休息休假的权利。《意见》要求完善落实国家关于职工工作时间、带薪休假等规定，督促企业依法安排职工休息休假；加强劳动定额定员标准化工作，指导企业制定实施科学合理的劳动定额定员标准，保障职工的休息权利。</p><p>　　休息休假是职工依法享有的基本权利，职工行使和实现休息休假权利的状况如何，相当程度上体现了公民权利的保障水平。我国在保障职工休息休假权方面已有相应的法律法规，职能部门在监管执法上也有许多探索实践和经验积累，但职工休息休假保障总体上仍处于较低水平。近年来，一些地方和企业屡屡发生职工“过劳死”事件，以极端的形式和惨烈的局面，暴露了职工休息休假权保障的软肋和短板。此次中央和国务院的《意见》专门谈及保障职工休息休假权，表明“过劳死”频发背后的职工休息休假权受到侵害的问题，引起了中央政府和全社会的高度重视，这一问题也已经到了必须认真解决的地步。</p><p>　　一些职工的休息休假权得不到应有的保障，主要有两种情况。一种是，企业和用人单位凭借在劳动关系中占据的强势地位，粗暴侵害职工休息休假权，包括强行安排职工超时上班、节假日加班，且不按规定足额支付加班加点工资，职工如果提出异议或稍有不从，就动辄以“不干走人”相威胁。一些职工迫于严峻的就业形势，担心“对抗”老板会丢了工作，只能被动接受不合理的工时安排，违心走上“过劳”之路。</p><p>　　另一种情况是，企业和用人单位在管理上相对“人性化”，能够按规定支付加班加点工资，甚至不惜用比较丰厚的报酬来“诱使”职工超时上班、加班。一些职工为了“多劳多得”，自愿接受企业给出的“高薪加班”条件，甚至主动争取超时上班、加班的机会，把自己推上了“过劳”之路。前一种情况在中低端制造业中比较普遍，蓝领“过劳死”前些年已屡有所闻，后一种情况则主要存在于中高端服务业，白领“过劳死”悲剧近几年更日见其多。最近，<a href=\"http://yqk.39.net/sz/yaochang/96762.html\" target=\"_blank\">深圳</a>一名36岁的“IT男”在<a href=\"http://yqk.39.net/zb/yaochang/95986.html\" target=\"_blank\">公司</a>租住的酒店马桶上<a href=\"http://jbk.39.net/keshi/waike/xinxiong/48eff.html\" target=\"_blank\">猝死</a>，初步认定与过度劳累有关，白领陷入“拼命挣钱，钱在命殁”怪圈，令人唏嘘。</p><p>　　上述两种情况，具体表现形式有所不同，但悲剧性的结果却大致相同，都凸显了一些企业和用人单位缺乏定额定员标准、工时安排粗疏混乱、职工权益保障严重滞后的严峻现实。要遏制企业随意安排超时上班、节假日加班，以及用丰厚报酬“诱使”职工超时上班、加班，亟须完善相关法律法规，对职工上班时间、加班条件、带薪休假等作出限制性和强制性规定，企业如果违反规定安排职工超时上班、加班，须受到严厉的制裁，造成严重后果的，企业负责人甚至要承担法律责任。</p><p>　　保障职工的休息权和休假权，要靠职工自己依法行使和维护权利，要靠工会组织高度认真履行职责，当好职工维权的“保护伞”，更要靠立法和执法的强制性力量。这种强制力最终要集中施加于企业，使企业既不敢违法强行安排职工超时上班、加班，也不敢用丰厚报酬“诱使”职工超时上班、加班，违者将支付沉重的代价。</p><p>　　发达国家在这方面已有很好的经验。如英国早在1802年就通过《学徒健康与道德法》，规定18岁以下学徒每天劳动时间不得超过12小时，禁止学徒在晚9时至次日凌晨5时之间上班；1993年欧盟出台《工作时间指令》，要求成员国设定强制性的“最高工时”，以保障工人的休息权和健康权。这些经验颇值得我们学习借鉴。</p>', '2015-04-12 23:30:10', '1', '1', '1', '46');
INSERT INTO `news_table` VALUES ('27', '“医疗费跑赢GDP”敲响的警钟', 'TOM', '新华社', '', null, '<p class=\"summary\" style=\"color: rgb(0, 0, 0); font-family: Simsun; font-size: medium; font-style: normal; font-variant: normal; font-weight: normal; letter-spacing: normal; line-height: normal; orphans: auto; text-align: start; text-indent: 0px; text-transform: none; white-space: normal; widows: auto; word-spacing: 0px; -webkit-text-stroke-width: 0px;\">&nbsp;&nbsp;&nbsp;&nbsp;核心提示：20多年来，我国医疗费增长率基本都维持在14%以上，这个速度不仅远超了GDP增长率，更远超了国民收入增长率。</p><p>　　从1991年到2013年，我国人均医疗费用的年均增长率为17.49%，如果现有的政策环境不变，预计2015年我国人均医疗费用的年度增长率为14.33～18.24%，明显高于2013年我国人均GDP8.97%的粗增长率。4月7日，由复旦大学牵头的健康风险预警治理协同创新中心公布上述数据。（4月9日《中国青年报》）<br/></p><p>　　20多年来，我国医疗费增长率基本都维持在14%以上，这个速度不仅远超了GDP增长率，更远超了国民收入增长率。以此数据为准，回答以下两个问题就再简单不过了：一是，国人的人均收入每年都在增长，却发现看病的负担越来越重；二是，近几年来，我国建立了“全民医保”，医保覆盖率达到95%，却发现扣除医保报销部分之后，仍然要支付很高的医疗成本。</p><p>　　可怕的远远不只是当下的医疗费增长率，而更是未来医疗费增长率仍然可能居高不下的走势。健康风险预警治理协同创新中心研究员王颖副教授表示，在现有医疗卫生政策下，2015年人均医疗费用将较1991年定基增长45.57～52.7倍，而2020年人均医疗费用增长将在2015年的基础上再增长1.83～2.3倍。2015年，经济发展已经步入了真正的“新常态”，医疗费增长却仍然是阳<a href=\"http://npk.39.net/pinpai/a5eb7.html\" target=\"_blank\">光明</a>媚、晴空万里。</p><p>　　就危害而言，我国人均医疗费增长速度过快严重侵害了公共利益。一者，之于个人和家庭，会造成严重的民生负担，只要人均收入增长率达不到医疗费增长速度，看病的负担就会每年都在增加，因病致贫、因病返贫更将是常有之事；二者，高昂的医疗费很容易把医保基金“喝光吃光”，在给医保基金造成巨大负担的同时，还损毁了医保制度的公信力，把公众对新医改建立的信心逐渐耗光。</p><p>　　钟<a href=\"http://npk.39.net/pinpai/a5ead.html\" target=\"_blank\">南山</a>院士说，“现在大医院都在拼营业额，而不是拼抢救率。”此言不虚，除了医院之外，医生也是“以药养医”的直接受益者。前段时间，《人民日报》刊文指出，“全世界的医生都是靠技术吃饭，惟有中国医生靠卖药生存。”另外，医疗器械、药品生产等企业的从业人员，也都在疯狂地进行逐利游戏。</p><p>　　对于此种现象，每年政府部门也都出台一批降价药和医疗服务的目录。但是，大量的降价药，都会很快在市场上消失。医生开药没有回扣，药品推销者也没有利润可拿，则该药品只能消失。诸如此类政府管控遇到市场软抵抗之现象，可谓并不罕见。</p><p>　　合理的收费标准、按服务单元付费的诊疗模式，必须要建立健全。如其不然，医疗作为国民新三座大山的现实则不会得到任何改变。值得期待的是，今年的《政府工作报告》提出，“加强全科医生制度建设，完善分级诊疗体系；破除以药补医，降低虚高药价，合理调整医疗服务价格。”2015年，但愿医疗体制改革能够放缓医疗费的增长速率，但愿国民收入增长率能够跑赢医疗费增长率。</p>', '2015-04-12 23:31:22', '1', '4', '1', '75');
INSERT INTO `news_table` VALUES ('28', '警惕身体发出的癌症信号', 'TOM', '新华社', '', null, '<p class=\"summary\" style=\"color: rgb(0, 0, 0); font-family: Simsun; font-size: medium; font-style: normal; font-variant: normal; font-weight: normal; letter-spacing: normal; line-height: normal; orphans: auto; text-align: start; text-indent: 0px; text-transform: none; white-space: normal; widows: auto; word-spacing: 0px; -webkit-text-stroke-width: 0px;\">&nbsp;&nbsp;&nbsp;&nbsp;核心提示：时至今日，仍有很多人认为癌症是不治之症，而一些社会名人相继患癌离世，更加重了公众的担忧。那么，癌症是否可防可治？目前，防控癌症的难点是什么？预防癌症有哪些行之有效的方法？本期，我们特邀专家为你答疑解惑。</p><p>　　主讲人：<a href=\"http://yyk.39.net/gz/zhuanke/f9469.html\" target=\"_blank\">南方医科大学肿瘤中心</a>胸部肿瘤科主任&nbsp;&nbsp;王远东<br/></p><p>　　2015年3月30日</p><p>　　2010年中国恶性肿瘤发病与死亡数据显示，我国癌症新发病例约309.3万例，平均每天约有近8500人患癌。数年来，人类与癌症抗争的步伐从未停止，但遗憾的是，它仍是世界医学界久攻不破的顽疾。</p><p>　　得了癌症≠宣告死亡。世界卫生组织早在2006年就将癌症列为慢性病，而不是大家认为的突发性死亡疾病。癌症研究界有“3个1/3”的说法，即1/3以上的癌症可以预防，1/3的癌症通过治疗可减轻或缓解症状，1/3的癌症经过治疗可以延长寿命甚至治愈。以临床常用的5年生存率为例，<a href=\"http://jbk.39.net/jzxa/\" target=\"_blank\">甲状腺癌</a>、<a href=\"http://jbk.39.net/dca/\" target=\"_blank\">大肠癌</a>、<a href=\"http://jbk.39.net/rxa/\" target=\"_blank\">乳腺癌</a>、<a href=\"http://jbk.39.net/qlxa/\" target=\"_blank\">前列腺癌</a>等癌症的生存率已经很高了，经过治疗也不会影响正常生活。</p><p>　　与此同时，我们也不能掉以轻心。中国是癌症高发国家，<a href=\"http://jbk.39.net/fa/\" target=\"_blank\">肺癌</a>和<a href=\"http://jbk.39.net/ga/\" target=\"_blank\">肝癌</a>位居全球第一。《2014年中国肿瘤登记年报》数据显示，全国恶性肿瘤发病率为235.23/10万，死亡率为148.81/10万。中国城市居民癌症死亡率呈稳定降低趋势，而农村地区没有呈现这一趋势。胃、食管、鼻咽及宫颈部位肿瘤的死亡率正在下降，肺癌及乳腺癌死亡率呈上升趋势。可见，中国癌症防控之路任重道远。</p><p>　　防癌要盯紧“灰色地带”。肿瘤的生长靠癌细胞分裂，细胞分裂时间最快为40天，最慢是400天。因此，癌细胞也分“勤快人”和“懒汉”。以肺癌为例，研究发现腺癌的体积倍增时间是180天，一个0.5厘米的肿瘤要经过4年多才能长到3厘米以上，这就为肺癌早诊断提供了充足的时间。其实，人在有病与没病之间有个“灰色地带”。在此期间，如果能注意生活细节，调整生活方式，就能不生病。</p><p>　　防癌不能抱有侥幸心理。有人说，隔壁邻居抽了一辈子烟也没得肺癌，自己从不吸烟怎么还得癌症了？这是因为，患癌因人而异，不可随意做比较，癌症的个体性因素很强。第一，平均寿命延长，癌症发生率也在增加。比如，65岁以上的男性中，前列腺癌发生率达50％，这意味着两个男性老人就有1人将患病。第二，部分癌症来自于家族遗传。例如，广东省的“地方癌”是<a href=\"http://jbk.39.net/bya/\" target=\"_blank\">鼻咽癌</a>，即使移民到其他国家或地区，经过几代后的侨民后代仍容易患鼻咽癌。第三，与环境污染和个人生活习惯等因素相关。例如，抽烟、过度饮酒以及水污染、农作物污染等饮食环境因素的累积效应。第四，目前科学无法解释的原因。在癌症的种类中，约65％属于消化道癌，如口腔、胃、肠等部位的癌症；25％是呼吸道癌，如肺癌；5％来自于遗传；还有5％目前仍不明原因。</p><p>　　重视12个“呼救信号”。有些肿瘤很难早期发现，80%以上的癌症患者被确诊时已经到了中晚期。这并非医生无能，而是肿瘤太狡猾。这也提醒大家，早期预防尤为重要，特别要关注身体发出的12个“呼救信号”。</p><p>　　1.有持续性进行性加重的<a href=\"http://zzk.39.net/zz/toubu/tou/503cc.html\" target=\"_blank\">头痛</a>，伴有恶心、<a href=\"http://jbk.39.net/keshi/zxy/zhongyi/ba267.html\" target=\"_blank\">呕吐</a>或复视、视物障碍，或伴有鼻出血、头晕、耳鸣、耳聋等症状。2.身体任何部位出现肿块，哪怕只有黄豆大的肿块，特别是在颈部、乳房、心窝部、右肋下、锁骨等处出现，且肿块不断增大。3.乳房左右不对称，大小有变化，乳头流出血性或乳样分泌物，或发生糜烂。4.经久不愈的干咳，无痰或少量痰液，伴有声音嘶哑，痰中夹血丝或小血块。5.长期食欲不振、消化不良、上腹部饱胀。6.中年以后，性交时阴道出血，或白带多且有恶臭。7.突然出现无痛性血尿。8.大便习惯改变，或不明原因的大便次数增多，或便血不止。9.身体某部位没有外伤而发生溃疡，或在瘢痕上发生溃疡，虽然经过治疗，但长久不愈。10.身体任何部位长出的疣或色素痣，迅速增大，颜色变深，局部毛发脱落或发生破溃。11.身上较长的骨骼（如四肢骨）某处不明原因的疼痛且进行性加重。12.不明原因的发热、消瘦、贫血、闭经和泌乳。</p><p>　　<strong>癌症治疗三大疑虑。</strong>防控癌症还有一个要点，就是规范治疗。目前，社会上有三大疑虑。第一，治疗究竟有无实效？有人认为癌症不需要治疗，靠自己的意念就可以治愈；还有人认为越治疗身体越吃不消。这是非常错误的观点。世界卫生组织倡导癌症治疗让病人受益，即使不能治愈，也能在有生之年获得好的生活质量。第二，靠医生还是靠患者自己？必须依靠医生正确的诊断，然后根据病种诊疗指南进行治疗。医生的作用是根据病人就诊时的分期，采取正确的治疗方案，让患者达到最大限度的获益。病人要参与到治疗中来，调整精神状态、饮食，积极锻炼。心态摆正了，思想乐观了，再加上科学规范的治疗，病情就会稳定。第三，偏方信还是不信？有些癌症患者和家属常不惜花费重金购买“偏方”。从科学角度讲应坚决反对所谓的“偏方”。有些“大师”用泻药芒硝治疗癌症，个别病人用后浑身轻松，实际上是心理在作祟。以毒攻毒更不可取。癌症是新的细胞在分裂过程中变样了，人可以自己修复受损细胞，不能依靠“毒”去攻癌症。</p>', '2015-04-12 23:31:49', '1', '5', '1', '36');
INSERT INTO `news_table` VALUES ('29', '检查结果为何难互认', 'TOM', '新华社', '', null, '<p class=\"summary\" style=\"color: rgb(0, 0, 0); font-family: Simsun; font-size: medium; font-style: normal; font-variant: normal; font-weight: normal; letter-spacing: normal; line-height: normal; orphans: auto; text-align: start; text-indent: 0px; text-transform: none; white-space: normal; widows: auto; word-spacing: 0px; -webkit-text-stroke-width: 0px;\">&nbsp;&nbsp;&nbsp;&nbsp;核心提示：早在2010年，原卫生部就曾印发《关于加强医疗质量控制中心建设推进同级医疗机构检查结果互认工作的通知》，要求各省（区、市）同级医疗机构间于2010年底实现医学影像资料互认和常规临床检验项目结果互认。此后，北京、天津、济南等城市陆续实现了一定范围内的检查结果互认，但重复检查的现象仍在很多医院存在，互认之路漫长又遥远。</p><p>　　近日，一篇名为《换一家医院照一次CT——医疗检查结果“互认”到底有多难》的文章在社会上引<a href=\"http://zzk.39.net/zz/quanshen/4ff9b.html\" target=\"_blank\">发热</a>议，再度掀起了“医检结果互认”的讨论热潮。</p><p>　　<strong>反复检查费时又费力</strong></p><p>　　“同样的检查，换家医院还得再做一遍，真是费时又费力。”来自河北的刘女士告诉《生命时报》记者，去年年底，她在当地医院做了<a href=\"http://jck.39.net/3/jianchazuhe/e/4ea1e.html\" target=\"_blank\">心电图</a>、CT等一系列检查，被确诊为<a href=\"http://jbk.39.net/gxb/\" target=\"_blank\">冠心病</a>。年初，当她拿着详细的检查结果来北京某三甲医院做进一步治疗时，却被告知有些检查还需再做一次，否则难以确诊。刘女士认为，这种重复性检查对经济本不宽裕的她是个沉重的包袱。</p><p>　　记者在调查中了解到，在日常就诊中，像刘女士这样要做重复检查的人不在少数。然而，大医院往往人满为患，很多检查需提前排队预约，再加上有的检查结果也一时半会儿出不来，几个“回合战”下来，难免令人心焦，尤其外地患者更是难上加难。</p><p>　　<strong>医检结果互认为何难落实</strong></p><p>　　记者了解到，早在2010年，原卫生部就曾印发《关于加强医疗质量控制中心建设推进同级医疗机构检查结果互认工作的通知》，要求各省（区、市）同级医疗机构间于2010年底实现医学影像资料互认和常规临床检验项目结果互认。此后，北京、天津、济南等城市陆续实现了一定范围内的检查结果互认，但重复检查的现象仍在很多医院存在，互认之路漫长又遥远。</p><p>　　北京大学医学部卫生法学教研室副主任王岳在接受《生命时报》记者采访时表示，检查结果互认，对于有效利用卫生资源，促进合理检查与诊疗，降低患者就诊费用具有积极意义。但具体落实过程中，的确面临着“不尴不尬”的局面。“近年来，卫计委互认工作的相关规定无法切实落地，源于没有明确法律责任和救济途径。”王岳说，检验结果互认是一件很复杂的工作。一方面，互认可以降低诊疗费用，对患者有利，但又存在医疗技术人员水平参差不齐的事实。秉着对患者负责的态度，以及规避医疗事故的考虑，一些大医院对基层医院的检查结果持质疑态度。在这种情况下，结果互认对患者反而不利。另一方面，医检结果难以互认的根本原因在于利益制约。撤销医疗机构对于检验科室的绩效考核，医疗检验科室对开单医生的利益激励，才是实现医检结果互认不可或缺的前提。</p><p>　　<strong>医检分离是解决之道</strong></p><p>　　在<a href=\"http://yyk.39.net/bj/zonghe/55dab.html\" target=\"_blank\">北京医院</a>心内科教授刘德平看来，虽然目前互认工作面临利益、设备、技术等诸多因素的“捆绑”，但对医生而言，没有绝对不互认的情况，关键在于检查项目和结果的特殊性与质量。他建议，患者就诊时可带上之前做过的相关检查以做参考。不过，检查结果互认也有一定的前提和时效性，一般来说，病情稳定患者的检查结果在一定时间内可以互认，而某些病情易变动或急性患者的检查结果，需要及时更新，否则难以保证诊断的准确性，这种情况下一味强调互认，可能会存在难<a href=\"http://ypk.39.net/yaopin/jsjnfmyy/ydsjxty/b878f.html\" target=\"_blank\">度和</a>偏差。</p><p>　　王岳建议，<a href=\"http://ypk.39.net/yaopin/kwswy/kbd/7ac30.html\" target=\"_blank\">可由</a>政府出资设立独立于医院的体检中心，做到“医检分离”，检查结果具备互认资格，既节约资金、避免重复建设，又能切断医院的利益链条。同时，政策强制性、统一化的检查结果互认，应逐步转变为非强制性、医生根据患者情况自主决定的互认，毕竟医检结果互认也要尊重患者和医生的知情权与自主权。</p>', '2015-04-12 23:32:22', '1', '4', '1', '25');
INSERT INTO `news_table` VALUES ('30', '9城市找到空气污染元凶', 'TOM', '新华社', '', null, '<p class=\"summary\" style=\"color: rgb(0, 0, 0); font-family: Simsun; font-size: medium; font-style: normal; font-variant: normal; font-weight: normal; letter-spacing: normal; line-height: normal; orphans: auto; text-align: start; text-indent: 0px; text-transform: none; white-space: normal; widows: auto; word-spacing: 0px; -webkit-text-stroke-width: 0px;\">核心提示：环保部此次监测和解析结果显示，机动车、工业生产、燃煤、扬尘等是当前我国大部分城市环境空气中颗粒物的主要污染来源，约占85%～90%。9个城市中，北京、杭州、广州、深圳的首要污染来源是机动车，石家庄、南京是燃煤，天津、上海、宁波的首要污染来源分别是扬尘、流动源以及工业生产。</p><p>　　4月1日，环保部为北京、石家庄、<a href=\"http://yqk.39.net/sh/yaochang/95fc0.html\" target=\"_blank\">上海</a>等城市开出了大气污染专属“诊断书”——9城市首要污染源和污染源解析结果公布。</p><p>　　<strong>9城市空气污染“元凶”出炉</strong></p><p>　　环保部此次监测和解析结果显示，机动车、工业生产、燃煤、扬尘等是当前我国大部分城市环境空气中颗粒物的主要污染来源，约占85%～90%。9个城市中，北京、<a href=\"http://yqk.39.net/hz1/yaochang/94331.html\" target=\"_blank\">杭州</a>、广州、<a href=\"http://yqk.39.net/sz/yaochang/96762.html\" target=\"_blank\">深圳</a>的首要污染来源是机动车，石家庄、南京是燃煤，天津、上海、宁波的首要污染来源分别是扬尘、流动源（内河航运产生的一些污染等）以及工业生产。据了解，这是环保部首次统一发布城市污染源解析结果。环保部副部长吴晓青指出，这仅是第一阶段工作的第一步，环保部今年还将继续对26个重点城市的污染源进行解析。</p><p>　　事实上，2013年国务院就明确要求环保部门组织开展大气颗粒物源解析工作，北京、天津、石家庄、上海4城市也在2014年先后发布了污染源解析结果：北京市全年PM2.5来源中，本地污染排放占64%～72%，其中机动车、燃煤、工业生产、扬尘为主要来源；扬尘占天津空气中PM10、PM2.5的42%和30%；燃煤则是石家庄污染最大元凶。</p><p>　　<strong>污染原因各有不同</strong></p><p>　　不同城市的污染成因也不一样。从结果可以看出，机动车被定为首要污染物的北京、深圳、广州、杭州，它们有个共同特点，就是汽车保有量大，平均达250万辆以上，北京已突破560万辆。中国环境科学院环境污染与健康研究室研究员张金良告诉《生命时报》记者，机动车尾气排放量除了与车辆多少有关，还与单车排放量有关，而影响单车排放量的因素包括油品质量、行驶状况，以及司机水平等。比如，在北京等堵车严重的城市，行车速度慢，汽车在路上行驶时间被延长，走走停停，怠速状态多，这些都导致尾气排放增加。中国环境科学研究院副院长柴发合也表示，机动车使用频率高、柴油车排放不达标都是造成空气污染的重要原因。监测结果还发现，在重污染天气，机动车排污量的增长速度是最快的。</p><p>　　以石家庄为代表的燃煤污染是整个河北的大难题。河北与燃煤有关的企业多、规模大，比如钢铁、水泥、玻璃等，都是空气质量差的主要原因。今年2月，环保部发布了2014年京津冀等74个城市空气质量状况，在空气质量相对较差的前10位城市中，河北占据7席。国家和地方已陆续出台政策解决河北污染问题，比如拆除燃煤锅炉、压缩产能等。南京的情况也类似：火力发电，江苏全国第一；钢铁产量，江苏全国第二；水泥产量，江苏全国第一。而南京的地理条件三面环山，又地处长三角雾霾高发区，因此经常受到雾霾困扰。</p><p>　　<strong>从源头抓起是一大进步</strong></p><p>　　广州大学环境科学与工程学院院长常向阳告诉《生命时报》记者，过去我们更多是关注空气污染的结果，现在致力于污染源解析，显然比过去前进一步，非常值得肯定。但大气不像水、土壤等有明确的边界，因此又有一定复杂性。“解决一个城市的空气污染问题，不能只依靠科学技术和数据结果，更需要结合城市特点和人文特征来综合考虑。就全国而言，我们期待更多城市污染源的解析结果，以获得更全面的考量。”</p><p>　　针对不同污染源，各地政府和环保部门应制订有针对性的政策。比如，为改善城市交通状况，3月30日新修订的《北京市空气重污染应急预案》发布实施，当预测空气重污染持续72小时以上，将启动机动车单双号限行措施，公务用车则在单双号停驶基础上再停30%。另外，要优化能源结构，减少燃煤的使用，改善取暖方式，遏制企业污染排放；加大城市绿化力度，多植树种草，大面积推广屋顶绿化、立体绿化；每位居民也应身体力行，少开车、少吸烟，共同改变我们的大气环境。</p>', '2015-04-12 23:32:46', '1', '4', '1', '75');
INSERT INTO `news_table` VALUES ('31', '重视体育，才能少年强', 'TOM', '新华社', '', null, '<p class=\"summary\" style=\"color: rgb(0, 0, 0); font-family: Simsun; font-size: medium; font-style: normal; font-variant: normal; font-weight: normal; letter-spacing: normal; line-height: normal; orphans: auto; text-align: start; text-indent: 0px; text-transform: none; white-space: normal; widows: auto; word-spacing: 0px; -webkit-text-stroke-width: 0px;\">&nbsp;&nbsp;&nbsp;&nbsp;核心提示：体育教育远非身体锻炼这样简单，体育教育中往往穿插着人格教育、团队意识、拼搏精神等。若仅仅把体育当成锻炼身体，显然是远远不够的，也不利于学生的品格养育、身体养成。</p><p>　　9日上午，广州市中考体育考试在阴雨中正式拉开帷幕。从即日起至29日，广州市约11万名中考考生将分两批考试，体育分数也将计入中考总分。考试内容涵盖很多，包括长跑、跳远、投掷项目等。值得一提的是，今年最热门的三个选考项目分别为：一分钟跳绳（55141人）、三级连续蛙跳（30787人）、立定跳远（18599人）。而投掷实心球、推铅球两个投掷类项目，依然是“冷门”。记者从考试现场看到的情形是，既有不少学生胜似闲庭信步，也有一些人在艰难应付。</p><p>　　在应试教育指挥棒下，体育教育曾经是冷门课程，一些学校的体育课程形同虚设，虽然素质教育的口号震天响，但在考试成绩的硬约束下，体育也就变得可有可无。可有可无的体育教育会带来什么？就是学生身体素质的下降，而体质健康是学生学习的本钱，这是常识。但是体育教育远非身体锻炼这样简单，体育教育中往往穿插着人格教育、团队意识、拼搏精神等。若仅仅把体育当成锻炼身体，显然是远远不够的，也不利于学生的品格养育、身体养成。</p><p>　　1993年11期《读者》摘发了青少年问题专家孙云晓发表在同年7期《黄金时代》的一篇文章《夏令营中的较量》，一时间震撼了中国教育界。文章讲述的故事发生在1992年8月乌兰察布盟草原。77名日本孩子来到内蒙古，与30名中国孩子一起举行了一个草原探险夏令营并进行较量。结果，无论是身体体质还是拼搏精神，中国孩子都输给了日本孩子。这引起了中国教育界的诸多反思，然而反思仅仅是反思，在应试教育大旗下，体育教育仍然没有得到应有的重视。近年来，教育主管部门开始通过把体育测试纳入中高考来推动体育教育，虽然一些家长和学生有一些不适应，但从整体效果来看，这是有效的，也是推动体育教育的必由之路。</p><p>　　体育教育要发展，除了中高考这样的指挥棒以外，还应当借鉴国内外体育教育的先进经验，以推动青少年全面发展。以日本为例，日本学校的体育课要求在小学、初高中等各个阶段是有差异的，这是因为伴随着年龄递进，不同的时间段应培养不同的品格与能力。比如日本小学的“体育”，主要要求小学生们通过适当的运动经验来理解健康与安全，培养能贯彻一生的喜爱运动的资质和基础能力，并同时促进健康、提高体力，培养明快的生活态度。举例来说，日本不少小学在训练跳远时，经常不规定学生必须跳多远，而是要求每一次都要比前一次更进步，学会不断超越自己。对于我国体育教育而言，国外的一些先进经验历经历史检验和现实考验，值得学习与借鉴。我们不能把体育教育又搞成应试教育，不能为应付考试而跑步，1000米、800米是必须跑的，但在跑步等考试中和考试外，完全可以更多培养学生对体育的深入理解，以及良好精神品质的发育、养成。</p><p>　　少年强则国强。这是亘古不变的真理。少年强，不仅仅是学习强，更是身体强、意志强，是品德优良。重视体育，补好体育这一课，还需要社会与教育界共同努力，进而从简单体育锻炼上升为综合体育训练，营造一个更适应现代发展的体育教学环境。</p>', '2015-04-12 23:37:28', '1', '5', '1', '23');
INSERT INTO `news_table` VALUES ('32', '你赞成女性产假延长至3年吗？', 'TOM', '新华社', '', null, '<p><a href=\"http://news.39.net/shwx/140811/4445436.html\" style=\"margin: 0px; padding: 0px; color: rgb(51, 51, 51); text-decoration: none; font-family: 宋体; font-size: 12px; font-style: normal; font-variant: normal; font-weight: normal; letter-spacing: normal; line-height: 24px; orphans: auto; text-align: left; text-indent: 0px; text-transform: none; white-space: normal; widows: auto; word-spacing: 0px; -webkit-text-stroke-width: 0px; background-color: rgb(250, 251, 255);\">你赞成女性产假延长至3年吗？</a><br/></p>', '2015-04-12 23:38:52', '1', '3', '1', '21');
INSERT INTO `news_table` VALUES ('33', '你会在“精子银行”投保吗？', 'TOM', '新华社', '', null, '<p><a href=\"http://news.39.net/shwx/140704/4420240.html\" style=\"margin: 0px; padding: 0px; color: rgb(51, 51, 51); text-decoration: none; font-family: 宋体; font-size: 12px; font-style: normal; font-variant: normal; font-weight: normal; letter-spacing: normal; line-height: 24px; orphans: auto; text-align: left; text-indent: 0px; text-transform: none; white-space: normal; widows: auto; word-spacing: 0px; -webkit-text-stroke-width: 0px; background-color: rgb(250, 251, 255);\">你会在“精子银行”投保吗？</a></p>', '2015-04-12 23:39:09', '1', '3', '1', '14');
INSERT INTO `news_table` VALUES ('34', '你赞成签订拒收红包协议吗？', 'TOM', '新华社', '', null, '<p><a href=\"http://news.39.net/qwfb/140310/4351020.html\" style=\"margin: 0px; padding: 0px; color: rgb(51, 51, 51); text-decoration: none; font-family: 宋体; font-size: 12px; font-style: normal; font-variant: normal; font-weight: normal; letter-spacing: normal; line-height: 24px; orphans: auto; text-align: left; text-indent: 0px; text-transform: none; white-space: normal; widows: auto; word-spacing: 0px; -webkit-text-stroke-width: 0px; background-color: rgb(250, 251, 255);\">你赞成签订拒收红包协议吗？</a></p>', '2015-04-12 23:39:25', '1', '3', '1', '13');
INSERT INTO `news_table` VALUES ('35', '你赞成建立“婴儿安全岛”吗？', 'TOM', '新华社', '', null, '<p><a href=\"http://news.39.net/shwx/140210/4335767.html\" style=\"margin: 0px; padding: 0px; color: rgb(51, 51, 51); text-decoration: none; font-family: 宋体; font-size: 12px; font-style: normal; font-variant: normal; font-weight: normal; letter-spacing: normal; line-height: 24px; orphans: auto; text-align: left; text-indent: 0px; text-transform: none; white-space: normal; widows: auto; word-spacing: 0px; -webkit-text-stroke-width: 0px; background-color: rgb(250, 251, 255);\">你赞成建立“婴儿安全岛”吗？</a></p>', '2015-04-12 23:39:43', '1', '3', '1', '59');
INSERT INTO `news_table` VALUES ('36', '你觉得提价能否拯救廉价药？', 'TOM', '新华社', '', null, '<p><strong class=\"box1name\" style=\"margin: 0px; padding: 0px; font-weight: bold; color: rgb(51, 51, 51); font-family: 宋体; font-size: 12px; font-style: normal; font-variant: normal; letter-spacing: normal; line-height: 20px; orphans: auto; text-align: left; text-indent: 0px; text-transform: none; white-space: normal; widows: auto; word-spacing: 0px; -webkit-text-stroke-width: 0px;\"><a href=\"http://news.39.net/medicine/141118/4519231.html\" style=\"margin: 0px; padding: 0px; color: rgb(51, 51, 51); text-decoration: none;\">你觉得提价能否拯救廉价药？</a></strong></p>', '2015-04-12 23:40:33', '1', '3', '1', '38');
INSERT INTO `news_table` VALUES ('37', '快速瘦腹的四个小动作', 'TOM', '新华社', '', null, '<p><a href=\"http://d.39.net/c.htm?sp=0,1555,1653,3611&target=http%3a%2f%2fnews.39.net%2fa_fitness%2f140507%2f4385062.html&ctid=\" target=\"_blank\" style=\"margin: 0px; padding: 0px; color: rgb(0, 102, 153); text-decoration: none; font-family: 宋体; font-size: 12px; font-style: normal; font-variant: normal; font-weight: normal; letter-spacing: normal; line-height: 20px; orphans: auto; text-align: left; text-indent: 0px; text-transform: none; white-space: normal; widows: auto; word-spacing: 0px; -webkit-text-stroke-width: 0px; background-color: rgb(250, 251, 255);\">快速瘦腹的四个小动作</a></p>', '2015-04-12 23:41:37', '1', '5', '1', '24');
INSERT INTO `news_table` VALUES ('38', '糖尿病患者如何选食物？', 'TOM', '新华社', '', null, '<p><a href=\"http://d.39.net/c.htm?sp=0,2728,2856,3611&target=http%3a%2f%2fnews.39.net%2fys%2f150109%2f4554830.html&ctid=\" target=\"_blank\" style=\"margin: 0px; padding: 0px; color: rgb(0, 102, 153); text-decoration: none; font-family: 宋体; font-size: 12px; font-style: normal; font-variant: normal; font-weight: normal; letter-spacing: normal; line-height: 20px; orphans: auto; text-align: left; text-indent: 0px; text-transform: none; white-space: normal; widows: auto; word-spacing: 0px; -webkit-text-stroke-width: 0px; background-color: rgb(250, 251, 255);\">糖尿病患者如何选食物？</a></p>', '2015-04-12 23:41:48', '1', '5', '1', '79');
INSERT INTO `news_table` VALUES ('39', '年轻人为何腰板挺不直了？', 'TOM', '新华社', '', null, '<p><a href=\"http://d.39.net/c.htm?sp=0,2731,2859,3611&target=http%3a%2f%2fgk.39.net%2fa%2f150105%2f4550249.html&ctid=\" target=\"_blank\" style=\"margin: 0px; padding: 0px; color: rgb(0, 102, 153); text-decoration: none; font-family: 宋体; font-size: 12px; font-style: normal; font-variant: normal; font-weight: normal; letter-spacing: normal; line-height: 20px; orphans: auto; text-align: left; text-indent: 0px; text-transform: none; white-space: normal; widows: auto; word-spacing: 0px; -webkit-text-stroke-width: 0px; background-color: rgb(250, 251, 255);\">年轻人为何腰板挺不直了？</a></p>', '2015-04-12 23:42:09', '1', '5', '1', '14');
INSERT INTO `news_table` VALUES ('40', '新加坡5部法律管用药 限药品价格、管广告误导', 'TOM', '新华社', '', null, '<p><span style=\"margin: 0px; padding: 0px; color: rgb(51, 51, 51); font-family: 宋体, &#39;Arial Narrow&#39;; font-size: 14px; font-style: normal; font-variant: normal; font-weight: normal; letter-spacing: normal; line-height: 28px; orphans: auto; text-align: left; text-indent: 16px; text-transform: none; white-space: normal; widows: auto; word-spacing: 0px; -webkit-text-stroke-width: 0px; background-color: rgb(255, 255, 255);\"><a href=\"http://news.39.net/shwx/150410/4606202.html\" style=\"margin: 0px; padding: 0px; color: rgb(0, 102, 153); text-decoration: none;\">新加坡5部法律管用药</a></span><span style=\"color: rgb(51, 51, 51); font-family: 宋体, &#39;Arial Narrow&#39;; font-size: 14px; font-style: normal; font-variant: normal; font-weight: normal; letter-spacing: normal; line-height: 28px; orphans: auto; text-align: left; text-indent: 16px; text-transform: none; white-space: normal; widows: auto; word-spacing: 0px; -webkit-text-stroke-width: 0px; display: inline !important; float: none; background-color: rgb(255, 255, 255);\"><span class=\"Apple-converted-space\">&nbsp;</span></span><span class=\"xiaoname\" style=\"margin: 0px; padding: 0px 0px 0px 10px; font-style: normal; font-variant: normal; font-weight: normal; font-size: 12px; line-height: 24px; font-family: 宋体; color: rgb(102, 102, 102); letter-spacing: normal; orphans: auto; text-align: left; text-indent: 16px; text-transform: none; white-space: normal; widows: auto; word-spacing: 0px; -webkit-text-stroke-width: 0px; background: none rgb(255, 255, 255);\"><a href=\"http://news.39.net/shwx/150410/4606202.html\" style=\"margin: 0px; padding: 0px; color: rgb(102, 102, 102); text-decoration: none;\">限药品价格、管广告误导</a></span></p>', '2015-04-12 23:42:52', '1', '4', '1', '31');
INSERT INTO `news_table` VALUES ('41', '前列腺炎的检查方法哪种好', 'TOM', '新华社', '', null, '<p><a href=\"http://d.39.net/c.htm?sp=0,2736,2864,3611&target=http%3a%2f%2fnk.39.net%2fa%2f150104%2f4548771.html&ctid=\" target=\"_blank\" style=\"margin: 0px; padding: 0px; color: rgb(0, 102, 153); text-decoration: none; font-family: 宋体; font-size: 12px; font-style: normal; font-variant: normal; font-weight: normal; letter-spacing: normal; line-height: 20px; orphans: auto; text-align: left; text-indent: 0px; text-transform: none; white-space: normal; widows: auto; word-spacing: 0px; -webkit-text-stroke-width: 0px; background-color: rgb(250, 251, 255);\">前列腺炎的检查方法哪种好</a><br/></p>', '2015-04-12 23:43:21', '1', '3', '1', '26');
INSERT INTO `news_table` VALUES ('42', '白癜风可以结婚生育吗', 'TOM', '新华社', '', null, '<p>白癜风可以结婚生育吗</p>', '2015-04-12 23:44:08', '1', '3', '1', '23');
INSERT INTO `news_table` VALUES ('43', '心律失常，循证医学帮你选药', 'TOM', '新华社', '', null, '<p><a href=\"http://d.39.net/c.htm?sp=0,1539,1638,3611&target=http%3a%2f%2fdrug.39.net%2fypzt%2fxlscywgyxcl%2f093%2f26%2f825718.html&ctid=\" target=\"_blank\" style=\"margin: 0px; padding: 0px; color: rgb(0, 102, 153); text-decoration: none; font-family: 宋体; font-size: 12px; font-style: normal; font-variant: normal; font-weight: normal; letter-spacing: normal; line-height: 20px; orphans: auto; text-align: left; text-indent: 0px; text-transform: none; white-space: normal; widows: auto; word-spacing: 0px; -webkit-text-stroke-width: 0px; background-color: rgb(250, 251, 255);\">心律失常，循证医学帮你选药</a></p>', '2015-04-12 23:44:22', '1', '3', '1', '75');
INSERT INTO `news_table` VALUES ('44', '秘籍-女人祛斑美白小窍门', 'TOM', '新华社', '', null, '<p><a href=\"http://d.39.net/c.htm?sp=0,1536,1634,3611&target=http%3a%2f%2fwww.banbaibai.com%2f&ctid=\" target=\"_blank\" style=\"margin: 0px; padding: 0px; color: rgb(0, 102, 153); text-decoration: none; font-family: 宋体; font-size: 12px; font-style: normal; font-variant: normal; font-weight: normal; letter-spacing: normal; line-height: 20px; orphans: auto; text-align: left; text-indent: 0px; text-transform: none; white-space: normal; widows: auto; word-spacing: 0px; -webkit-text-stroke-width: 0px; background-color: rgb(250, 251, 255);\">秘籍-女人祛斑美白小窍门</a></p>', '2015-04-12 23:44:34', '1', '3', '1', '23');
INSERT INTO `news_table` VALUES ('45', '卫计委：禁止开展互联网医疗 仅能做健康咨询', 'TOM', '新华社', '', null, '<p>&nbsp;&nbsp;&nbsp;&nbsp;关于互联网在线辅助问诊的情况，4月10日，国家卫计委新闻发言人宋树立说，互联网上一些涉及医学诊断治疗是不允许开展的，可以做健康方面的咨询，但是不能开展诊治工作。</p><p>　&nbsp; 宋树立说，远程医疗要保证质量和安全，因为毕竟不同于面对面。医疗机构开展某一个类别的、某一个专科的服务要具有相应的资质，不能没有这个专科去开展这\r\n个专科的远程医疗服务。开展远程医疗服务的医生也要具有相应的执业资质，医疗机构在开展远程医疗服务过程中必须严格遵守相关的法律法规和行为规范，保证质\r\n量与安全，同时还要保障患者的知情权。</p><p>　　最后，宋树立说，随着互联网技术的发展，新的情况在不断出现，我们也要不断完善政策，对这些行为加以规范。</p><p><br/></p>', '2015-04-13 15:13:09', '1', '1', '1', '69');
INSERT INTO `news_table` VALUES ('46', '代孕信息被禁后转战微博微信', 'TOM', '新华社', '', null, '<center><img style=\"border-bottom:0px;border-left:0px;margin:0px;font-family:宋体, arial, helvetica, sans-serif;font-size:12px;border-top:0px;border-right:0px;padding:0px;\" src=\"http://pimg.39.net/PictureLib/A/f76/20150413/org_414656.jpg\"/></center><p>&nbsp;</p><p>　　不少代孕机构开通了微博和微信账户寻找生意</p><p>　　</p><center><img style=\"border-bottom:0px;border-left:0px;margin:0px;font-family:宋体, arial, helvetica, sans-serif;font-size:12px;border-top:0px;border-right:0px;padding:0px;\" src=\"http://pimg.39.net/PictureLib/A/f76/20150413/org_414657.jpg\"/></center><p>&nbsp;</p><p>　　</p><p>　\r\n　近日，国家卫计委等12部委联合发布《关于印发开展打击代孕专项行动工作方案的通知》，通知要求禁止网站发布代孕服务的相关信息，并将清理和屏蔽网站上\r\n现有的相关信息。然而记者经搜索发现，在微博、微信账号、QQ账号等社交平台中，代孕机构也开启了新媒体营销方式，随时与客户进行沟通，而一旦发现危险信\r\n号，可随时弃号再行注册，成为难以清理和屏蔽的“顽疾”。</p><p><strong>　　背景</strong></p><p><strong>　　网上发布代孕广告成为打击重点</strong></p><p>　　多年不孕不育怎么办？一些夫妻不甘心一生无子，转而选择通过代孕机构，找到一名有生育能力的“代孕”母亲，通过将受精卵子植入子宫的方式，十月怀胎一朝分娩，再将孩子送还给寻求代孕的夫妻，自己也从中收获一笔可观的“借腹”收入。</p><p>　\r\n　在一些不孕不育家庭的眼中看来，“代孕”似乎给拥有一个宝宝带来了一丝希望，然而由于地下代孕黑中介私自寻找黑诊所进行取卵，发现怀的是女孩后“代妈”\r\n被迫流产，出生后“代妈”不愿按照协议交出小孩等情况层出不穷，给不育夫妻及代孕妈妈的生命安全及正常生活带来极大隐患。</p><p>　　实际上，原卫\r\n生部在2001年就曾发布《人类辅助生殖技术管理办法》，其中明确规定，医疗机构和医务人员不得实施任何形式的代孕技术。从今年4月起，国家卫计委等12\r\n部委联合印发《关于印发开展打击代孕专项行动工作方案的通知》，再度将打击非法代孕行为列为今年专项打击行动，在全国范围对开展代孕行为的医疗机构、医护\r\n人员、社会中介机构等进行查处。</p><p>　　除对开展代孕行为的医疗机构、医护人员、社会中介机构等进行查处外，此次行动明确要求，网站禁止发布代孕服务相关信息，清理和屏蔽网站上有关代孕服务的相关信息等。对开展代孕宣传和服务的互联网络、电视广播、报纸杂志等进行清理和查处。</p><p><strong>　　调查</strong></p><p><strong>　　代孕中心拥有微博微信QQ全套营销账号</strong></p><p>　\r\n　北京青年报记者调查发现，代孕中介机构的“营销手段”已经“与时俱进”。几年前，很多代孕机构想要做成生意，必须找到愿意承接的医疗机构。而近几年，代\r\n孕中介则开始通过互联网来发布代孕广告。一些代孕公司同时拥有自己的微博账号、微信号、微信公众账号、QQ号等全套网络营销手段，不少“代孕妈妈”更是通\r\n过社交网站随时发布消息，成为寻求代孕生意的“个体户”。</p><p>　　“今天又带一位代孕妈妈来医院检查了。”“今天又出生了一个健康的宝宝。”在\r\n营销代孕的微博账号“非凡孕育”的内容中，记者发现，微博运营者不仅在简介中提供了详细的网站地址、微信号、QQ号、咨询热线电话，还以每天少则一篇、多\r\n则四五篇的文字加图片形式频繁更新与代孕相关的状态及文章，其中不乏如何哄宝宝睡觉、与宝宝沟通感情的内容，让一位网友在留言中大呼“贴心”。</p><p>　\r\n　而在这家“非凡孕育”代孕中心的微信订阅号上，记者发现，该公司同时设计了咨询、费用预算、服务流程等多个下拉菜单入口。而在另一家“广州石榴孕儿网”\r\n则开通了自己的微信订阅号，只要用户关注，就可立即推送“代孕VIP服务的介绍及收费标准”、“真实成功案例”、“优势和承诺”等内容，其中收费标准更是\r\n精细到“包出生”、“包性别”、“最高成功率”等多款选择。</p><p><strong>　　“个体户”代妈可提供“同居代孕”</strong></p><p>　\r\n　除经营代孕生意外，在QQ、微信等一些社交媒体中，也有不少个体从事“孕母”工作的女性，打着代孕的名号从事非法性交易。“你找好医院了吗？我们自己做\r\n的不找医院，只提供代孕。”在QQ上，一位1996年出生的网友声称可以提供代孕服务，但要求是必须由客户自己寻找试管婴儿手术机构。当记者询问还有其他\r\n服务方式时，她表示，可以提供“性交代孕”，“可以啊，（成功）几率好小的，性交30万。”她表示。</p><p>　　实际上，“性交代孕”也就是所谓的“同居代孕”，可约见面后去酒店开房或家中直接进行性行为，如果怀孕，需要将孕母接到家中“养胎”，出生后由客户完成准生证、坐月子等一系列后续工作，而如果怀孕不成功，在性行为完成后客户也需要按照谈好的价格支付佣金。</p><p>　\r\n　“需要混血儿吗？泰国的大多漂亮些。可以提供泰国卵源。”在一家代孕机构，中介给记者发来几张泰国女大学生照片，并声称卵源提供者都为本科学历以上，并\r\n可提供学生证、毕业证来验证身份。而当记者询问是否可以直接使用孕母的卵子时，则遭到了拒绝，原因是“不利于优生优育”。</p><p>　　中介声称，“代妈一般都是农村生过孩子的大妈，素质都一般，长得不好，生出来的孩子不会很好。而且如果怀的是自己的孩子，万一生下来不愿意给你就很麻烦。”据了解，目前从事代孕工作的女性不少都出自农村，而招募则主要是通过老乡间的微信、QQ等联系。</p><p><strong>　　体验</strong></p><p><strong>　　代孕中介发现势头不对直接拉黑</strong></p><p>　　“代孕七年品牌，1600案例，实体医院，包成功……”在另一个号称是国内最早从事试管代孕的实体中心微博账号“58代孕中心”的\r\n微信公众账号中，除了提供代孕咨询与服务外，同时贴出了诚招代孕妈妈的招聘咨询电话，而通过关注微信公众号，也可以直接向后台报名成为代妈。除了更加易于\r\n传播外，这种形式也给不少代孕机构带来更多“安全感”。</p><p>　　“真想代孕的人一般都咨询过很多机构，从言谈当中就能发现，如果见到势头不对，\r\n可以直接拉黑不谈。”在北青报记者的采访中，一位曾从事代孕中介的工作人员表示。“连取卵代孕和捐卵代孕都看不懂的，不可能真想做，为了防止被查，会告知\r\n现在不做了，请找别家。”短短几句聊天，代孕中介就可判断出合作是否有风险。</p><p>　　伴随着国家打击代孕行为的深入，一些代孕机构也关闭了网\r\n站，转而将运营模式投入微信、QQ这种很难核实身份真实性的社交媒介。在QQ和微信好友搜索中，输入“代孕”关键词，都会有几百位提供相关服务的用户弹\r\n出。一旦发现好友中可能存在风险，这些号码可以随时被代孕服务提供者弃用，重新再开新号进行交易。</p>', '2015-04-13 15:16:28', '1', '5', '1', '17');
INSERT INTO `news_table` VALUES ('47', '深圳首家名医诊疗中心7月挂牌', 'TOM', '新华社', '', null, '<p><strong>　“三名工程”医疗团队陆续落地，今年拟再引进10个团队20名人才</strong></p><p><strong>　　首家名医诊疗中心7月挂牌</strong></p><p>　\r\n　作为深圳十二项重大民生工程之一，深圳医疗卫生“三名工程”已经取得较大进展。12日，笔者从深圳市卫计委获悉，目前已签约的24个高层次医学团队已陆\r\n续到位并开展工作。据初步统计，市属医院近期还将达成约79个团队的合作意向，今年深圳计划再引进10个高层次医学团队和20名实用型临床医学人才，而深\r\n圳市首家名医诊疗中心也将于7月在南山区挂牌。</p><p><strong>　　24个名医团队陆续到位 疑难重症将不出深圳</strong></p><p>　　为快速提升深圳医疗技术水平和满足市民高质量就医的迫切需要，2014年下半年，深圳实施了医疗卫生“三名工程”，面向全球引进名医（名科）、名院、名诊所。目前，深圳签约引进的24个医学团队已经陆续到位开展工作。</p><p>　\r\n　引进的这些高水平的医学团队会给深圳医疗卫生事业带来什么？据介绍，这些团队将在深圳与签约单位合作开展临床相关科技研究、疑难病例会诊及高难度手术，\r\n指导开展新技术新项目，开展专家查房和手术观摩，合作举办高水平学术会议等。比如深圳市第三人民医院引入浙江大学附属第一医院郑树森院士团队，已经挂牌成\r\n立了“郑树森院士工作站”，成立了“肝干细胞移植中心”、“终末期肝病生物治疗中心”，郑树森院士团队每两周派专家到医院讲学、进行肝癌手术操作指导，郑\r\n树森院士也多次对肝癌患者进行远程会诊。市人民医院引入的解放军总医院张旭教授则亲自来深主持并指导医生顺利完成了前列腺癌根治术和保留肾单位的肾肿瘤切\r\n除术。有了这些院士和专家指导疑难重症，深圳市民就医大病将不出深圳。</p><p>　　除了指导疑难重症外，引进的团队还将共同攻关重大课题。北大深圳\r\n医院妇科和北京大学人民医院魏丽惠教授团队建立了“阴道自取样本—HPV分型检测—高致病亚型联合细胞学序贯二次筛查”的子宫颈癌创新预防模式，建立了简\r\n便高效的筛查模型，有效解决了目前人群子宫颈癌筛查的敏感性不足及高额费用的瓶颈问题。此项目已经在坪山开始试点，将为坪山新区1万名户籍妇女进行3年期\r\n宫颈癌防治公益项目。</p><p>　　同时，深圳和合作单位还启动了人才研修计划培养高水平医学人才。市医学继续教育中心与哈佛医学院联合开展国际医学\r\n教育项目，2015年度开展医院管理、临床研究、肿瘤生物学及治疗三类进修培训项目，已从全市选拔68名学科带头人和骨干参加为期1年的培训。另外，全市\r\n将选拔20名社区卫生骨干人员参加澳大利亚蒙纳仕大学社区卫生和家庭医学培训项目，选拔25名医院管理人员参加新加坡专业教育培训中心的医院管理培训项\r\n目，选拔10—15名临床专业人员参加美国克利夫兰医学中心临床研修项目。</p><p><strong>　　市区财政将在5年内提供经费支持</strong></p><p>　　为了推进“三名工程”，市卫生计生委近日出台了《关于推进名医诊疗中心建设的指导意见》和《深圳市举办高水平医学学术会议管理办法》，制定了《深圳市鼓励社会资本新建三级医院申报流程》。</p><p>　　据介绍，南山区政府拟通过重点扶持，将目前的深圳维世达胜凯门诊部升级建设成为国际名医诊疗中心。该门诊位于南山区软件产业基地，\r\n总面积6000平方米，由国家著名机构北京维世达医疗中心和韩国SK电讯集团共同组建，目前主要为高端医疗需求人士和外籍人士提供体检、全科医疗和专科服\r\n务，拥有一批国内外医疗专家资源，提供急诊国际转运服务，具有海内外保险直接支付结算平台。</p><p>　　同时，南山区政府正按照深圳市名医诊疗中心建设标准，鼓励扶持其完善日间手术室、名医工作室，支持其联系扩大名医范围，与南山医院等建立医疗合作关系，争取在今年7月份挂牌成立深圳首家名医诊疗中心。</p><p>　\r\n　此外，市卫计委也正在进一步修改完善《深圳市引进高层次医学团队管理暂行办法》《深圳市高层次医学人才奖励补贴管理暂行办法》《深圳市“医疗卫生三名工\r\n程”人才研修管理暂行办法》《深圳市鼓励社会资本举办三级医院财政扶持政策实施细则》等配套文件。这些政策的陆续出台，将对院士、专家学者和名医团队在深\r\n圳开展临床研究、人才培养、科研成果产业化，提供全方位系统化的政策支持。据悉，深圳市区财政在5年内将对已初步认定的24个团队予以33100万元的资\r\n助经费支持，为保障已经到位团队开展工作，资助资金也将于近日下达到相关用人单位。</p>', '2015-04-13 15:16:57', '1', '2', '1', '23');
INSERT INTO `news_table` VALUES ('48', '上门O2O把推拿服务直接送到家', 'TOM', '新华社', '', null, '<p>&nbsp;&nbsp;&nbsp;&nbsp;上门O2O从2012年开始兴起，如今已经深入各个传统行业。从上门美甲到上门厨师再到上门家政……只有想不到，没有做不到。互联网是一项利器，顺利切入和改变着人们日常生活习惯。</p><p>　&nbsp; 而从2013年下半年开始，一批针对推拿行业的上门推拿项目开始兴起，熊猫拿拿正是其中的一个。从社区O2O小区无忧孵化而出的熊猫拿拿，2015年才\r\n开始运营，但三月之间，已经遍及上广深杭四个大城市。作为上门O2O服务的新生一员，上门推拿是一类怎样的生意，又能在改变传统行业的路上走多远？</p><p><strong>　　从小区无忧孵化出的</strong></p><p><strong>　　上门O2O</strong></p><p>　　社区O2O小区无忧最新推出的孵化项目上门推拿O2O平台熊猫拿拿在2015年3月8号正式上线，原先就做得不错的项目算是正式开拓了新的发展空间。</p><p>　　熊猫拿拿是小区无忧投入数百万美元的孵化项目，从2014年年底开始内测，2015年1月正式开始在上海运营。</p><p>　\r\n　在熊猫拿拿之前，事实上，这个团队正在运营的项目小区无忧也正在拓张之中。为什么从小区服务转做上门推拿？记者采访了熊猫拿拿执行副总裁吉晓春，他表\r\n示，即使是已经成功的项目，也需要不断探测新的方向。就小区无忧来说，本身积累了很深厚的社区服务线下线上资源，做上门O2O渠道畅通。而在所有上门\r\nO2O项目中，他们觉得，上门推拿是个好选择。</p><p>　　吉晓春表示，公司有两个创始人本身是推拿的老用户，觉得推拿这个项目作为服务业，能带来高黏性、稳定的服务。而泛健康领域也是逐渐受到市场关注接受的领域，未来将有越来越多的人愿意关注这个方向的消费。</p><p>　　吉晓春告诉记者，公司在决定切入上门推拿项目之前，曾试着给公司员工请了推拿师，结果收到了意想不到的好反馈。“大家需要这种调节，员工的反馈非常好，而我们在跟推拿师聊的过程中也发现，他们很乐意做这样上门的服务，后来一些员工甚至有长期稳定的预约。”</p><p>　　也正是有了这个契机，上门推拿的新点子先在小区无忧的运营当中试行，而反响也相当不错，很多客户开始续费，需求反应良好。两个创始人同时也是中医粉，商量之后，拍板决定尝试市场调查，公司开始考虑把上门推拿作为一个可发展的新方向。</p><p>　\r\n　2014年终，公司选择了一个小的团队，规模不大，只有三个人，对这个项目单独执行项目测试，也为上门推拿服务设计商业模型，调查市场规模、结构、行业\r\n趋势和优劣势分析。在年终的会议中，由于极佳的市场潜力和与已有资源的契合度，上门推拿项目PK掉公司的其他十几个项目计划，成为小区无忧发展的下一个目\r\n标点。</p><p>　　“上门O2O中，可选的方向很多，现在的家政服务、电器维修、通下水道、美容都是热门。但推拿服务与众不同的特点是频率高，而客\r\n单价也高、净值高。生意的净值含量很重要，美容、律师都是高净值服务。此外，这一行用户黏度高，对于熟悉的推拿师，消费者的依赖性也很强，所以我们最终决\r\n定，从这个方向着手。”吉晓春告诉记者。</p><p>　　目前，“熊猫拿拿”与“小区无忧”是两个平行发展的平台，但是“熊猫拿拿”又是基于“小区无忧”而创立的，现在项目仍在融资过程当中，未来会有进一步的披露。</p><p><strong>　　上门推拿是怎么赚钱的？</strong></p><p>　　尽管并不是第一家，但熊猫拿拿扩张的速度可能是各上门推拿O2O中最快的。1月起步，3月份，“熊猫拿拿”便已经覆盖到上海、广州、深圳、杭州四个城市。短短2个月之间，攻克下四个城市。</p><p>　　熊猫拿拿的如同饿虎扑食的“旋风速度”也在一定程度上折射出这个市场对于上门O2O领域玩家的吸引力。而小区无忧公司本身也熟悉这样急速的扩张方式，此前，他们也用同样的模式席卷了其他社区上门服务。虽说推拿是新领域，不过对于团队来讲，和此前的业务也不乏相似性。</p><p>　　而之所以能够如此迅速地扩张，也是基于整个推拿行业的背景。公司创始人告诉记者，上海最大的推拿连锁企业的合作是运营的条件之一。当前连锁管理的推拿服务都在门店的运营方面遇到问题——由于消费者对服务要求的提高、房租的上涨，成本压力越来越大。</p><p>　　而互联网很好地解决了这个问题，从运营方的角度来说，节省的是门店的地租、水电等运营成本，从推拿师的角度来说，工作时间更自由，而从消费者的角度来说，上门推拿允许有更多更灵活的个性化选择。</p><p>　　据了解，熊猫拿拿和推拿技师之间的合作关系采取的是平台合同签订的方式，</p><p>　\r\n　不过，服务的标准化依然是个问题。吉晓春承认，服务标准化分很多的部分，流程标准化、产品标准化、用户体验标准化……同时还要考虑到互联网自身特性。单\r\n单是为了评价体系，他们就反复讨论，现在熊猫拿拿采取的是“神秘顾客”的评价体系，就是为了让服务对象的意见畅通地反馈到平台上来。</p><p>　　此\r\n外，做传统行业的改造并不容易，还需要考虑各个方面的利益分配问题，从传统的门店里“挖”人才过来不容易，为了挽留和吸引技师，在待遇方面，熊猫拿拿的方\r\n法是初期收益以技师为主，据了解，推拿店面的技师收费以往是200-300一次，技师个人从中抽成从20%-40%不等，而熊猫拿拿虽然每单价格与门店相\r\n比只有50%-60%，但给技师以较高抽成。而从工作时间上看，门店坐班时间长、工作量不饱和，而上门推拿的技师工作时间则在8-9个小时，相对收入高、\r\n也轻松，熊猫拿拿的技师告诉记者，不少技师转来之后都比较满意。</p><p>　　据了解，目前，熊猫拿拿的业务仍在高速扩张阶段，负责人告诉记者，目前公司日单量突破3000单，显示出潜力市场空间仍然很大。</p><p>　\r\n　“未来最大的挑战在于我们本身的技术、产品和运营体系对推拿师的支撑，这是个充满可能性的维度。我们要通过大数据的累计让推拿行业更加透明。目前，我们\r\n在考虑成立北京开研发中心，和国内一流大学合办，致力于推进推拿研究院，做专业、标准化、科学化的上门服务。”吉晓春说。</p><p><strong>　　第三方点评</strong></p><p><strong>　　不能轻视</strong></p><p><strong>　　传统门店优势</strong></p><p>　\r\n　自从雕爷搞了美甲、推拿按摩洗脚，这些上门服务逐渐兴起。事实上，这些服务原则上都是可以做的。一方面，这些都是高附加值行业：现在一次洗脚服务消费要\r\n在200-300块。在互联网时代，上网查一家公司，要去电话预约，很麻烦，消费者也很难愿意去做，但在移动互联网时代，随手一拨就可以找到好的技师、可\r\n以看技师排名，做个预约是很简单的事情。不仅仅是推拿，美甲、美发这类预约上门服务都是互通的。现在保守估计，有几万人在从事这样的线下服务，市场有上百\r\n亿元，相关行业正在一点一点地推进，开拓着这个市场。</p><p>　　虽然市场大，但事实上关键在于人们的消费习惯。创业者应该考虑，有多少人愿意把美甲、推拿、洗脚的上门服务请到公司或者家里，这样的服务体验是不是真的要胜过门店？</p><p>　　事实上，我们并不能轻视传统门店在这方面的优势——不少消费者习惯下班后约上三五朋友，找个地方聊天喝茶，接受服务，这是社交场合的一种，在这一方面，上门服务还是不能被替代的。</p><p>　　另一方面，传统门店虽然有租金等成本，但上门服务也有路途时间差、交通成本，对于按摩师来说，这也是一种损耗。现在虽然企业可以给\r\n予补贴，但长期下去还要依靠稳定的盈利来支撑。从成本上看，现在门店虽有租金成本，但只占到其总成本的20%—30%，一些市中心的高端推拿店，他们的租\r\n金会更高些，但对于小的推拿店来说，可能租金成本并不很高。而目前，完全被上门O2O大幅度改变的传统行业有快餐业——但这样的大规模深度改变未必会发生\r\n在每个受到上门O2O服务改变的行业。就推拿来说，其本身有社交场合的特质，如同茶馆、咖啡馆，并不能完全被取代。</p><p>　　总之我认为，上门推拿、上门美甲这类服务，市场是存在的，但未必就会对传统门店模式产生颠覆性的冲击，建议此类上门O2O创业者更多地培养相对高端的客户。</p><p>　　——电商观察者、万擎咨询CEO&nbsp;鲁振旺</p>', '2015-04-13 15:17:38', '1', '5', '1', '18');
INSERT INTO `news_table` VALUES ('49', '中国癌症激增促使针对特殊患者旅馆增多', 'TOM', '新华社', '', null, '<p>核心提示：美联社4月12日文章，原题：中国癌症激增促使针对特殊患者的旅馆增多。</p><p>&nbsp; &nbsp; &nbsp; &nbsp; &nbsp; &nbsp;	</p><p>　　为接受长期治疗，李小荷(音)将自己安顿在北京西部一间狭小但阳光充足的房间内，这里与中国最著名的肿瘤医院仅一街\r\n之隔。在切除部分右乳后，她开始进行为期84天的化疗。这名来自河南省的患者住在所谓的癌症旅馆。这种旅馆散落在肿瘤医院的周边街区，为患者提供住得起的\r\n舒适场所，以便他们排队挂号并接受治疗。</p><p>　　医学专家们表示，随着中国的肺癌、肠癌和乳腺癌发病率激增，一场日益严峻的健康危机正在挑战尚\r\n未做好准备的医疗体系。而作为应对该挑战的部分特殊措施，此类旅馆已在京沪等大都市如雨后春笋般涌现。“老家的疗法与这里不一样，所以我们来到这里。”李\r\n表示，“在老家，我能报销85%的医疗费。在这里能报销一半就不错。但我这么做是为健康着想。”</p><p>　　虽然这些旅馆的经营大多不正规，且没有护理服务，但能使患者距离医院和专家更近，并为他们提供自己做饭和相互交流的场所。它们并非\r\n传统旅馆，而是医院附近住宅区内配有家具的单元房，每间房每晚的收费仅相当于7美元。它们虽然位于法律的灰色地带，但中国媒体纷纷刊登正面文章，称它们满\r\n足了患者的需求。</p><p>　　旅馆的房东陈淑红(音)表示，如今她有10套单元房面向癌症患者出租。“人们找到我，我就开了这家(旅馆)。”陈说，“若政府说‘不能干’，那我就不做了。但那么多人正在得这种病，还是有需求。(作者杰克·张，王会聪译)</p>', '2015-04-13 15:18:25', '1', '5', '1', '12');
INSERT INTO `news_table` VALUES ('50', '医院乱开药被判担责', 'TOM', '新华社', '', null, '<p>　&nbsp; 近日，最高人民法院发布了这样一例案例。张丰春因交通事故受伤在山东省泰安市中心医院住院治疗，伤情诊断为全身多处软组织伤，住院43天，住院期间花费医疗费1.6万余元。保险<a href=\"http://yqk.39.net/zb/yaochang/95986.html\" target=\"_blank\">公司</a>申请审查其住院期间的用药合理性，张丰春诉至法院，要求医院赔偿其因不合理用药所受到的经济损失。司法鉴定意见书认为，张丰春住院期间所用药物<a href=\"http://ypk.39.net/yaopin/sjxtyy/nxgb/3b9adeb3.html\" target=\"_blank\">奥扎格雷</a>钠为不合理用药，应去除费用7000余元。最高法民二庭副庭长刘竹梅认为：“在医疗服务合同当中，院方给患者开具了本不应使用的药物，这种行为就构成违约，这部分钱不应由患者承担。”</p><p>　&nbsp; 我们劝人不要酒驾，因为酒驾的危害大家都知道，一个失控就是人命关天的事情。同样重要的是，酒驾需要承担法律责任，一旦被查实，你可能会付出失去自由的\r\n代价。但人们很少劝人不要乱用药，因为很多人看不清楚它的危害性。但事实上，它的危害不一定比酒驾小。中国红十字会统计显示，我国每年医疗损害事件造成约\r\n40万人非正常死亡，不安全用药占大头，致死人数是交通事故的4倍。2013年，国家药品不良反应监测网络共收到药品不良反应/事件报告达131万多份，\r\n这其中还不包括那些没有及时报告的案例。</p><p>　　儿童更是这种不明智行为的高危受害人群。一项“儿童安全用药大调查”显示，我国儿童不合理用药高达12%至32%，儿童用药不良反应发生率约12.9%，约是成人的两倍。我国7岁以下儿童因不合理使用抗生素造成<a href=\"http://jbk.39.net/el1/\" target=\"_blank\">耳聋</a>的数量多达30万，占聋哑儿童总数的30%至40%。</p><p>　&nbsp; 我国是药物滥用最严重的国家之一，乱用药物的行为触目惊心。之所以出现这种社会现象，公众安全用药意识缺乏，仅仅是其中的一个原因。中国科协曾经统计发\r\n现，69%的人看不懂药品说明书。但更重要的原因在于，乱开药要担责少有发生。这次高法公布的案例里医生乱开药需要担责成为一个新闻事件，如果不是有一场\r\n“意外”，专业的保险公司愿意介入进来，可能一切会像平时一样，稀里糊涂地与这种行为和平共存下去。</p>', '2015-04-13 15:19:00', '1', '5', '1', '54');
INSERT INTO `news_table` VALUES ('51', '广州市工商局：用餐具洗涤剂洗水果最好泡5分钟', 'TOM', '新华社', '', null, '<p>&nbsp;&nbsp;&nbsp;&nbsp;记者12日了解到，广州市工商局在官网上公布了2014年第四季度广州市流通领域销售的洗涤用品商品质量抽查检验结果。结果显示，抽检42家生产企业生产的150款样品中，未发现不合格产品。</p><p>　&nbsp; 本次抽检采用《商品质量监督抽样检验程序&nbsp;具有先验质量信息的情形》(GB/T&nbsp;28863-2012)、《计数抽样检验程序&nbsp;第四部分：声称质量水平的评定程序》(GB/T&nbsp;2828.4-2008)标准，监督总体为广东省流通领域销售的标称相同生产者、相同商标和相同规格型号商品的集合;按照国家标准和备案有效的企业标准为检验和判定的依据，对洗涤用品的外观、气味、稳定性、总活性物含量、PH、总五氧化二磷含量、去污力、荧光增白剂、甲醇、甲醛、\r\n砷、重金属、菌落总数、大肠菌群等多个项目进行了检验。经检测，全部150款样品所检项目未发现不合格。</p><p><strong>　　■小贴士</strong></p><p>　　广州市工商局表示，对普通消费者而言，洗涤用品是每天都需要的，因此产品质量的好坏直接关系到消费者的经济利益和身体健康，选择质量合格的洗涤用品是非常必要的。消费者在选购洗涤用品时需注意以下几点：</p><p>　　(一)要辨明洗涤用品的好坏，首先要看标签标识。正规厂家的产品标签(或瓶身)应包括以下内容：生产厂名、地址、商标、采用标准号、规格、主要有效成分、生产日期、生产许可证号等。</p><p>　　(二)要看商品本身的感观指标。正规厂家的产品，例如餐具洗涤剂，大都带有一定的香味(以水果香型为主)，无异味，稠度适中，无分层，无悬浮物或沉淀。</p><p>　\r\n　(三)使用洗涤用品也是有讲究的，例如使用餐具洗涤剂洗蔬菜、水果时，餐洗液浓度为0.2%，浸泡时间以5分钟为宜。因为农药等有毒物质附着在瓜果蔬菜\r\n上，仅用水是洗不干净的，而通过浸泡的方式可去除。洗餐具时，餐洗液浓度应为0.2%—0.5%，浸泡时间以2分钟至5分钟为宜，浸泡后同样要反复用流动\r\n清水冲洗，冲洗每件物品时不能少于10秒钟。&nbsp; &nbsp; &nbsp; &nbsp; &nbsp; &nbsp;			</p><p>\r\n				</p><p><br/></p>', '2015-04-13 15:19:34', '1', '5', '1', '15');
INSERT INTO `news_table` VALUES ('52', ' 65岁女教师怀四胞胎 将成世界最老四胞胎产妇', 'TOM', '新华社', '', null, '<p>&nbsp;&nbsp;&nbsp;&nbsp;据德国《星期日图片报》报道，德国首都柏林的一位65岁女教师安娜格雷特·R怀上四胞胎，即将分娩。如果四胞胎如期出生，她将成为世界年龄最大的四胞胎产妇。</p><p>　　安娜格雷特是俄语及英语教师，已经育有13个孩子，并有7个孙子女。目前，安娜格雷特已怀孕21周，孕期反应正常。</p><p><br/></p>', '2015-04-13 15:20:04', '1', '5', '1', '92');
INSERT INTO `news_table` VALUES ('53', '中国儿童重症发病率高催生儿童重疾保险', 'TOM', '新华社', '', null, '<p>&nbsp;&nbsp;&nbsp;&nbsp;近年来，儿童重疾发病率不断升高。世卫组织资料显示：中国0-14岁儿童的肿瘤发病率为19.0-89.9/10万，其中恶性肿瘤的发病率由以前的\r\n10.14/10万上升到了21.29/10万。而且，如川崎病、手足口病等也多发生于5岁以下儿童，虽然通常情况下不会危及生命，却常伴有高烧、皮疹等\r\n症状，对于年幼的孩子而言仍是巨大的伤害。</p><p>　　不仅如此，目前我国的医保体系对于儿童重疾的保障比例仍然较低，而商业保险市场上更是缺乏针对这些儿童多发疾病量身打造的“专属”重疾险，孩子的医疗费用成为了许多家庭的沉重负担。</p><p>　　与此同时，随着治疗水平的提高，儿童重疾的治愈率也在不断提高，重疾后的长期生存变得自然而现实。保险专家指出，在孩子重疾治愈\r\n后，还面临着很长的人生路，不同类别的疾病仍然在威胁着他们的生活。例如：白血病、脑膜炎多发生于儿童；人到中年时罹患甲状腺癌的风险大大增高；退休后，\r\n帕金森、阿尔兹海默的困扰接踵而至。而大部分重疾险在赔付后便会立刻终止，让大病初愈的受保人陷入“无险可保”的境地，独自面对未来可能的疾病风险。</p><p>　\r\n　目前市面上针对儿童重疾保障的产品数量并不少。以近期市场上推出的一款针对少儿群体的终身健康保障计划——××一生重疾保险计划为例，该计划基本兼顾了\r\n儿童成长特征及所面临的风险，既涵盖了重疾、老年长期护理、身故、全残、疾病终末期阶段等多项基本保障，还新增了白血病额外保障和儿童特定疾病保险金，并\r\n根据疾病特点划分重疾组，实现多重多次给付重疾保障，为孩子定制周全长远的终身健康保障。</p><p>　　其中，除常见的34种二类重疾外，该保险计划\r\n还针对8种一类重疾及3项儿童特定疾病：严重川崎病、重症手足口病及严重幼年型类风湿关节炎，提供20%基本保额额外保障；针对儿童易发的白血病，还可额\r\n外给付50%基本保额的保险金。该保险计划规定宝宝出生满7天即可投保，且需交纳保费19年，基本保额为30万。</p><p><br/></p>', '2015-04-13 15:24:49', '1', '5', '1', '44');
INSERT INTO `news_table` VALUES ('54', '北京安贞医院：先心患儿手术死亡率已降至1%', 'TOM', '新华社', '', null, '<p>　&nbsp; 先天性心脏病是造成我国五岁以下儿童死亡的第一杀手。作为国内综\r\n合医院中最大的儿童心血管病中心，北京安贞医院小儿心脏中心每年的手术量已经由原来的400余台增长到每年近3000台。中心主任刘迎龙教授向北京青年报\r\n记者透露，通过临床诊疗经验的积累和科研攻关，目前该中心对先心病患儿的手术死亡率已由原来的4%-6%降低到目前的1%左右，处于国际领先水平。同时，\r\n为避免先心病患儿因手术疤痕而造成心理障碍，该中心探索一套从腋窝下手术的经验，让更多的孩子获得完美的术后体验。</p><p>　　<strong>积累临床经验&nbsp;挑战手术禁区</strong></p><p>　&nbsp; 先天性心脏病手术一直处于心脏外科手术的高难领域。在小如核桃的心脏上做精细操作，不仅要求医生具有极强的心理素质，还要求必须具备绝伦的技术水平。刘\r\n迎龙教授告诉记者，心脏中心曾经收治过一名8岁的孩子，初步诊断为“合并室间隔缺损的大动脉转位”。刘教授解释，国际上普遍认为这一疑难病症必须在出生后\r\n六个月之内完成手术，而不合并室间隔缺损的大动脉转位则必须在出生后两周之内做手术，超出了这两个界限的孩子，在医学界普遍认为不再具有手术价值。</p><p>　\r\n　刘教授及其团队在日常临床中发现，许多有此病症的孩子病情和病理结果并不吻合，于是在国际上首先提出了诊断性治疗的理念，最终突破了这一手术禁区。“这\r\n个孩子曾经辗转大江南北，没有一家医院愿意接诊，家庭也濒临难以为继的窘境。当孩子的父亲得知安贞医院小儿心脏中心对这种病有突破，父子俩辗转来到北京求\r\n医。”刘教授说，通过精细的诊断性治疗，他们发现孩子还是可以手术的，通过严密的术前准备，手术进行得很顺利，“孩子术后第八天就顺利出院了”。</p><p>　　像这样的病例，每天都会在小儿心脏中心出现。</p><p>　\r\n　元旦假日，一名女婴呱呱坠地。家人还来不及庆祝一个新生命降临，就发现孩子出现浑身青紫，经当地医院诊断为“室间隔完整型大动脉转位”。孩子的家长按捺\r\n不住恐惧与不安，拨通了安贞医院小儿心脏中心的病房电话。听到话筒里传来孩子父母的哭泣描述，护士一边安慰一边派人向刘主任汇报。刘主任刚刚下手术回到办\r\n公室，撂下饭碗便跑到护士站抓起电话。通过询问病情，刘主任建议患者迅速来安贞医院就诊。放下电话刘迎龙立即召集业务骨干，针对孩子的特殊情况做了周密部\r\n署。患儿及家长到京后，由临时组建的营救团队接应，入院第二天即顺利完成手术。在精密的术后监护和精准的治疗下，他们再一次从死神手里夺回了一个孩子的生\r\n命。</p><p>　　<strong>建立绿色通道&nbsp;&nbsp;立体诊疗患者</strong></p><p>　　看病难已经成为医疗领域的重要问题之一，而先\r\n心病患儿看病更是难上加难。北青报记者了解到，在经过多次摸索和实践后，北京安贞医院小儿心脏中心率先在全国开通了先心病诊治的绿色通道，每天清晨六点半\r\n就开始在病房内接诊病人，实行“先看病后挂号”，结合网络咨询和电话咨询，形成了立体的先心病诊疗模式。</p><p>　　通过网络咨询和电话咨询对孩子\r\n的疾病进行初步评估，通过绿色通道实现了院前“零等候”实时入院的绿色通道救治系统，最大程度减少患儿看病的费用和滞留时间，缓解来自各地的患儿及家属的\r\n辗转求医之苦。据了解，目前通过这一全新的立体化诊疗模式而获益的病人越来越多，获得了患者家属的普遍认可。“虽然医护人员每天会因此不得不承担更多额外\r\n的工作量，但这确实是中心每一名医护人员的本分。”刘教授告诉记者。</p><p>　　<strong>三级防治理念&nbsp;&nbsp;前移防治网络</strong></p><p>　　刘教授告诉北青报记者，先心病不同于遗传病，简单先心病可治性强、治疗效果理想，而复杂先心病治疗效果不一。因此，针对不同先心病发生发展的规律进行分段防治和个体化防治是极其重要的。</p><p>　\r\n　在积累了大量的临床经验后，刘教授和他的团队率先在国际上提出了先心病三级防治的理念，将先心病防治的前线前移，从孕前先心病致畸危险因素筛查到产前胎\r\n儿先心病筛查，从发现先心病到出生后先心病患儿的及时诊断适时治疗，形成了一整套先心病三级防治理念和策略，并通过每年先心病三级防治全国巡讲，将三级防\r\n治的理念普及到最需要的基层，从根源上降低先心病发病率。</p><p>&nbsp; &nbsp; &nbsp; &nbsp; &nbsp; &nbsp;\r\n &nbsp; &nbsp; &nbsp; &nbsp; &nbsp; &nbsp;			</p><p>\r\n				</p><p><br/></p>', '2015-04-13 15:25:23', '1', '5', '1', '13');
INSERT INTO `news_table` VALUES ('55', '近四成双相障碍被误诊为抑郁', 'TOM', '新华社', '', null, '<p>&nbsp;&nbsp;&nbsp;&nbsp;核心提示：双相障碍是一种重性精神类疾病，病人有三分之二的时间处于抑郁状态，医生只看到病人痛苦抑郁的一面，便很容易判定其为抑郁症，据统计，患者首次发病到确诊为双相障碍的平均时间为10年，37%的双相障碍会被误诊为抑郁症。</p><p>&nbsp; &nbsp; &nbsp; &nbsp; &nbsp; &nbsp;	</p><p>　　很多人都听说过抑郁症、精神分裂症等精神疾病，但对于双相情感障碍却闻所未闻。陌生的疾病名称，但是它的患者却已数\r\n不胜数。在由赛诺菲公司主办的“世界双相障碍日”媒体发布会上，深圳精神卫生中心、中国医师协会精神科分会副会长刘铁榜教授表示：双相障碍是一种重性精神\r\n类疾病，被世界卫生组织排名为第六大精神疾病。全球范围内，双相障碍患病率甚至比分裂症高，分裂症患病率为0.5%，而双相障碍竟高达2%。据国际研究，\r\n美国双相障碍发病率为4%，而深圳则达到1.5%成为全国最高。双相障碍患者自杀风险是普通人群的10倍，双相障碍相关起因在自杀比例中占70%左右。</p><p><strong>　　家长要多关注青少年的情绪变化</strong></p><p>　\r\n　据刘铁榜教授介绍，双相障碍为青少年高发疾病，发病年龄在15-19岁左右。双相障碍的患者情绪波动高低反差极大，高兴时兴奋激动做事草率，低落时整日\r\n闷闷不乐，不愿动弹，食欲下降。正是因为这些发病症状及发病年龄，双相障碍患者常常难以被发现，被家人误认为仅仅是青春期逆反，耽误就诊时间。</p><p>　　到底如何去鉴别青春期的孩子到底是爱折腾还是患病呢？刘铁榜表示，如果单凭观察很难去分辨，家属和孩子自身都要有主动意识，如果孩子青春期动荡不安，应该及时咨询专家，专家不但可以帮助孩子梳理情绪，而且如果孩子真的患病可尽早发现并就医。</p><p>　\r\n　“这是一个持续终生的疾病，但令人欣慰的是这个病是可控的，我们现在有很好的治疗方法，包括物理疗法、药物疗法，病情能够得到很好的控制，”刘铁榜做了\r\n个类比，高血压和糖尿病也是持续终身的疾病，就像这些一样，双相障碍得到控制后，病人的生活质量也能得到很大提高，恢复社会功能。</p><p><strong>　　37%双相障碍被误诊为抑郁</strong></p><p>　\r\n　双相障碍患者情绪变化极快，躁狂发作是情感高涨、语言增多，活动增多，身边的家人朋友可能只会觉得患者是性格外向开朗，人逢喜事精神爽，根本不会想到是\r\n双相障碍在作怪，而此时病人也不可能求医咨询。当病人抑郁发作时，情绪低落，思维迟缓，甚至可能出现幻觉，此时患者本人和家人才会发现问题，从而就医。病\r\n人有三分之二的时间处于抑郁状态，医生只看到病人痛苦抑郁的一面，便很容易判定其为抑郁症，据统计，患者首次发病到确诊为双相障碍的平均时间为10\r\n年，37%的双相障碍会被误诊为抑郁症。</p><p>　　据刘铁榜介绍，双相障碍的患者若被误诊为抑郁，单一使用抑郁药，反而会加重病情，循环加快，情\r\n绪波动性会更加明显，病情会更加难以控制。“要鉴别双相障碍和单相抑郁十分困难，但也有线索寻”，刘教授讲述了四点线索：第一，发病年龄越小越可能是双相\r\n障碍；第二，家族中是否有患者；第三，病人在发病前是否处于一种情感旺盛的状态，充满激情，不知疲倦；第四，病人服用抗抑郁药后是否转为躁狂。</p><p><strong>　　双相障碍成就艺术？</strong></p><p>　　双相情感障碍，又有一说是双相的人生，对生活更加深刻极\r\n端的两极感受，贝多芬、梵高等都被推测为双相患者，除却病痛的折磨的无奈，情绪的双极性是不是也给患者带来艺术灵感呢？北京大学第六医院精神科马燕桃教授\r\n认为，双相障碍是一种情绪病，情绪病是好是坏，它是给人以资源还是挑战，是让人获得的多还是失去的多，其实很难下断言。</p><p>　　马燕桃表示，虽然我们不能从学术的角度去判断双相障碍是否有助于艺术成就，但我们可以通过艺术的表现去理解情绪，觉察情绪。艺术作品往往能呈现作者的心理现象，心理现象外化后即为情绪和行为，所以理解抑郁，理解我亢奋，理解愤怒，可能有助于我们理解双相障碍。</p><p><br/></p>', '2015-04-13 15:25:56', '1', '5', '1', '67');
INSERT INTO `news_table` VALUES ('56', '宁波一医院整治潦草病历 7位医生被罚款', 'TOM', '新华社', '', null, '<p>&nbsp;&nbsp;&nbsp;&nbsp;据《现代快报》报道，虽然电子病历逐渐普及，但“天书”般的医生手写潦草病历仍未绝迹。因此浙江宁波多家医院开始对医生潦草病历进行整治，专门制定《医院门诊初诊病历质量检查评分表》将字迹当作病历质量评分的一项标准考核，每个季度公开通报结果。</p><p>　　江苏省中医院医务处副处长杨月艳表示，病历写得太潦草，不仅影响患者，日后他们求医时，其他医生甚至都看不懂同行所写的内容，影响系统诊治。</p><p>　\r\n　卫生部门的规定中，病历书写应该使用蓝黑墨水，碳素墨水，应该客观真实准确及时完整规范。医务人员书写病历应当文字工整，字迹清晰，表述正确，语句通\r\n顺，标点准确；按照规定修改病历，严禁采用刮、粘、涂等方法掩盖或去除原来的字迹，严禁篡改病历内容。但病历书写潦草如何处罚医生则没有明确的规定。</p><p>　　据《钱江晚报》报道，上周，宁波李惠利医院开出罚单，在该院公开的第一季度门诊病历质量检查情况，抽查的20位门诊医生中，有7位医生因字迹潦草被扣奖金。</p><p>　\r\n　李惠利医院门诊办主任赵峰介绍说，去年9月，医院制订《李惠利医院门诊初诊病历质量检查评分表》，将字迹当作病历质量评分的一项标准。考核实行百分\r\n制，95分以上为优秀，奖200元;80分以下至60分为不合格，扣100元;不满60分的，为严重不合格，扣200元。考核结果每个季度都要公开通报。</p><p>　　据业内人士透露，过去，书写病历要花足足40分钟。但对于现今手写病历字迹潦草不可辨认的原因，有医生解释说是因为病人太多，来不及好好写，但会尽量把药品名称写得可以辨认。</p><p><br/></p>', '2015-04-13 15:26:22', '1', '5', '1', '34');
INSERT INTO `news_table` VALUES ('57', '北京同仁堂 将布局京津冀', 'TOM', '新华社', '', null, '<p>&nbsp;&nbsp;&nbsp;&nbsp;未来，北京同仁堂将在京津冀有所布局。昨日，据北京同仁堂方面介绍，2014年实现销售收入222亿元，实现利润19亿元。目前有药品、医院制剂、保健食品、食品、化妆品、中药饮片6大类1500余种产品，同时，在海内外共开办零售终端192家，遍布20多个国家和地区。</p><p>　&nbsp; 北京同仁堂董事长梅群介绍，中国人的疾病谱随着生活水平的提高已经发生了变化。以前国人生病主要是以贫穷为代表的疾病，比如肝炎、肺炎、贫血、肺结核等\r\n等。而现在人生病多是高血糖、高血脂。因此同仁堂在保证药品质量的前提下，要适应现代人的需求改变产品。以前是治已病，现在要治未病。同仁堂近年以“大健\r\n康”为背景，在保健食品、化妆品的研发方面也做了很多功夫。比如同仁堂面膜，在推出之后很受消费者的欢迎。</p><p>　　北京同仁堂从1993年就开始了走出去的步伐。以香港为突破口，目前在全球开店100多家，从以医带药向养生保健中心转变。未来，\r\n同仁堂将继续推进海外步伐，希望做到有健康需求的地方就有同仁堂。在京津冀协同发展的大背景下，北京同仁堂也将有所布局。目前已经确定的是将在河北保定建\r\n设北京同仁堂直隶中医医院，目前选址已经确定，规划、设计等前期工作仍在进行中，预定目标为三甲。</p><p><br/></p>', '2015-04-13 15:26:53', '1', '5', '1', '66');
INSERT INTO `news_table` VALUES ('58', '每3秒钟就有一人“骨松性骨折”', 'TOM', '新华社', '', null, '<p>&nbsp;&nbsp;&nbsp;&nbsp;骨质疏松症已被世界卫生组织列为仅次于心血管疾病的第二大危害人类\r\n健康的疾病。资料显示，我国50岁以上人群中，每5名女性中就有1名饱受该疾病的困扰。骨松患者发生骨折后，不仅给自己带来身心折磨，也使其家庭背负沉重\r\n的经济负担。为此，中国初级卫生保健基金会（简称“基金会”）日前在北京启动“骨舞人生——严重骨质疏松患者援助项目”，旨在帮助患有骨质疏松症并伴随骨\r\n折高发风险的绝经后妇女得到及时有效的治疗，切实缓解患者的经济压力。</p><p><strong>　　全球每3秒钟发生一起“骨松性骨折”</strong></p><p>　\r\n　人们普遍认为，骨质疏松症是迈入老年过程中必然和正常的一种退变老化现象，既不致命又对日常生活影响不大。湘雅二医院内分泌科主任医师廖二元教授对此纠\r\n正：“情况远比大家所想的要严重。骨质疏松被称为‘寂静杀手’，由于该疾病没有示警信号，在临床上容易被忽视，因此通常其首发征象就是骨折。”</p><p>　　据统计，全球每3秒钟就会发生一起骨质疏松性骨折。50岁以上的老年人中，女性发生骨质疏松性骨折的比例更是高达1/3。骨折发生后将引发高死亡率和高致残率。研究数据显示，椎体骨折的绝经后女性死亡率为未骨折患者的9倍。</p><p>　\r\n　骨折后如不寻求积极治疗，再发骨折风险将显著增加。深圳市人民医院骨科及脊柱外科主任镇万新教授解释道：“这就是骨折后的瀑布效应。首次骨折后，二次骨\r\n折的风险增至三倍，第三次骨折增加五倍。虽然骨密度看上去差不多，但骨折后骨的微结构损伤严重，强度大大下降，这就是很多老年人多番骨折的原因。”</p><p>　\r\n　“应对骨质疏松性骨折，药物方案仅靠补钙和维生素D远远不够。增加骨强度，预防再次骨折是治疗的首要目标。”中日友好医院骨科脊柱外科主任、骨科主任李\r\n中实教授介绍，目前在中国获批上市的抗骨松药物主要包括抗骨吸收药物和促骨形成药物，即“节流”和“开源”两种。抗骨吸收治疗如同“节流”，阻止骨量进一\r\n步流失；而促进新骨形成治疗如同“开源”，也就是帮助患者“长新骨”。针对多次骨折以及骨量很低的老年患者，“节流”治疗不能完全满足患者需求，通过药物\r\n治疗重建新骨，可减少中重度骨折的患病概率。</p><p>&nbsp; &nbsp; &nbsp; &nbsp; &nbsp; &nbsp;\r\n &nbsp; &nbsp; &nbsp; &nbsp; &nbsp; &nbsp;			</p><p>\r\n				</p><p><br/></p>', '2015-04-13 20:05:34', '1', '7', '1', '0');
INSERT INTO `news_table` VALUES ('59', '首次揭示EB病毒入侵第一道防线如何被打开', 'TOM', '新华社', '', null, '<p>　&nbsp;&nbsp; <a href=\"http://jbk.39.net/bya/\" target=\"_blank\">鼻咽癌</a>是我国华南和东南亚地区高发的恶性肿瘤，广东是鼻咽癌的高发地区。研究已证实，几乎所有鼻咽癌都与EB病毒感染相关。此前，科学家对鼻咽癌的易感基因、高致瘤性EB病毒亚型的研究已取得一定成果，可对EB病毒“入侵机制”的研究仍处于起步阶段。</p><p>　　笔者4月1日获悉，肿瘤医学协同创新中心、<a href=\"http://yyk.39.net/gz/zhuanke/51f4d.html\" target=\"_blank\">中山大学肿瘤防治中心</a>、\r\n华南肿瘤学国家重点实验室的曾木圣教授团队首次揭开了EB病毒入侵第一道防线被打开的谜团——研究团队发现了可介导EB病毒感染鼻咽上皮细胞的关键分子\r\nNRP1，并以“NRP1是介导EB病毒感染鼻咽上皮细胞的关键因子”为题，将研究结果发表在《自然》（Nature）子刊《自然通讯》\r\n（Nature&nbsp;Communications）杂志上。</p><p>　　科学家已证实几乎所有鼻咽癌都与EB病毒感染相关，而EB病毒又必须通过结合\r\n细胞表面受体分子才能进入和感染宿主细胞。“EB病毒要感染到上皮细胞，是个非常复杂的机制，需要经过很多关卡。”曾木圣说，在这个过程中病毒首先要跟上\r\n皮细胞接触，这是一套机制；随后，病毒被装载到细胞中又需要经过另一套机制。</p><p>　　研究者此前就发现，在EB病毒表面有一种糖蛋白叫gB，gB表达量多的病毒可高效感染上皮细胞，但一直以来“推动”gB感染的上皮细胞受体是什么，病毒入侵的防线是怎样被打开的，大家并不清楚。</p><p>　　为了解开这个谜，曾木圣研究团队首先建立了EB病毒直接感染的高效感染鼻咽上皮细胞模型，感染率提高了近100倍。“我们在研究中发现，上皮细胞膜受体分子NRP1（Neuropilin1，神经菌毛素）是介导EB病毒感染鼻咽上皮细胞的重要分子。</p><p>　\r\n　有了NRP1的作用，病毒入侵的一道道“关卡”就像多米诺骨牌一样被“推倒”了。“举个例子，NRP1可以和gB上的一段特殊结构域发生相互作用，使得\r\nEB病毒以一种内吞机制进入鼻咽上皮细胞，实现感染，而NRP1依赖的EGFR-ERK信号通路也被激活了，最终成功感染并导致癌症发生。”曾木圣说。</p><p>　\r\n　这一研究发现有何意义？“过去鼻咽癌的治疗都是放疗、化疗，但很多肿瘤都是通过这些方式治疗的，没什么特异性。这一发现为研发EB病毒疫苗提供了新思\r\n路，我们可以在此基础上研发以NRP1为靶点的抗EB病毒感染的小分子抑制剂和抗体，为最终实现更优化的个体化治疗打下基础”。</p><p><br/></p>', '2015-04-13 20:06:01', '1', '8', '1', '0');
INSERT INTO `news_table` VALUES ('60', '近三成上海女性为超重愁 8种癌症高发', 'TOM', '新华社', '', null, '<p>&nbsp;&nbsp;&nbsp;&nbsp;专家小传：钱海红，博士、副教授，复旦大学健康研究所副所长、复旦大学上海医学院党委副书记，主要研究方向为医疗公共关系和健康传播研究</p><p>　　身着旗袍、婀娜多姿、优雅而不失妩媚，是人们对上海女性的印象。但上海市疾病预防控制中心近日发布监测数据显示，上海成年女性总超重率近三成（26%），总肥胖率为9%。超重和肥胖让多种癌症找上上海女性。</p><p>　\r\n　在日前举办的“2015年女性健康论坛活动”上，上海疾控中心发布的最新监测数据显示，2007年~2013年，上海居民超重和肥胖率从34%增至\r\n42%。一般亚洲人群的体质指数（BMI）正常范围是18.5~23.9，而上海男性的平均值为24.1，女性为23.1。尽管男胖子比女胖子多，但45\r\n岁是一个“分水岭”。在此之前，上海女性的超重或肥胖率仅为男性的一半，45岁之后显著超过男性，而且女性受超重或肥胖致癌的影响是男性的3倍。</p><p>　\r\n　多项研究证实，大肠癌、胰腺癌、肾癌、食管腺癌、胆囊癌、卵巢癌、子宫癌、绝经后乳腺癌等8种癌症与超重和肥胖高度相关，估计占全球年均新发癌症病例的\r\n1/4以上，其中后4种癌症在肥胖女性中相对高发。在上海，上述8种癌症每年新发超过1.6万例，占全部新发病例的27%以上，大肠癌（13%）、胰腺癌\r\n（4.2%）、绝经后乳腺癌（3.9%）位居前三名，其中女性约占35%。英国曼彻斯特大学癌症研究所的安德鲁教授研究发现，女性体重每增加13千克，患\r\n子宫癌与胆囊癌的风险就会增加约60%，患食道癌与肾癌的风险分别增加51%和34%左右。</p><p>　　肥胖有两个指标，一个是BMI，另一个是腰臀比（WHR），是判定中心性肥胖（腹型肥胖）的重要指标。数据显示，26.4%的上海\r\n女性属于中心性肥胖，而上述8种高BMI相关癌症中，胰腺癌、大肠癌、肾癌、胆囊癌都集中在腹部。安德鲁教授研究发现，对于亚洲人来说，BMI的增加与乳\r\n腺癌之间的联系比其他人种更明显。</p><p>　　肥胖让女性患癌风险增加的原因还不太清楚，一种假设认为，过量的脂肪细胞会影响人体激素分泌水平，从\r\n而刺激某些肿瘤的产生。此外，超重和肥胖本身就是不健康生活方式造成的结果之一。拿上海女性来说，由于特大城市生活压力大，工作常需久坐、久站，过于繁忙\r\n导致经常加班，没时间健身，经常吃垃圾食品或作息、饮食不规律，都可能在导致超重的同时，成为癌症的高危因素。监测数据表明，目前上海女性从不参与体育锻\r\n炼的比例高于男性，养成经常锻炼习惯的比例也低于男性。</p><p>　　因此，上海女性首先要从年轻时就开始增强健康意识，35岁之前保持合理膳食，积\r\n极参加运动，尽量少坐办公室、看电视、玩电脑。其次，18～39岁的女性每个月自我检查一次乳房，每年进行一次妇科体检。最后，60~74岁是绝经后乳腺\r\n癌防治的关键时期。中老年女性要降低脂肪摄入量，适当多吃蔬菜、豆制品，保持良好的心态在预防乳腺疾病中也很重要。</p><p><br/></p>', '2015-04-13 20:06:24', '1', '8', '1', '0');
INSERT INTO `news_table` VALUES ('61', '尿血可能是膀胱癌 男性50岁后高发', 'TOM', '新华社', '', null, '<p>&nbsp;&nbsp;&nbsp;&nbsp;不久前，李大爷发现自己的小便带血色，以为只是上火发炎，并没有太在意。但日子一天天过去，血尿症状没有消失，李大爷有点慌了。到医院检查后，医生告诉他患了膀胱癌。突如其来的病变让李大爷如坠深渊，他怎么也没想到，癌症居然就这么悄无声息地发生在了自己身上。</p><p>　\r\n　其实膀胱癌是泌尿系统最常见的恶性肿瘤，也是全身十大常见肿瘤之一，有很多名人就因患膀胱癌医治无效而去世，目前膀胱癌占我国泌尿生殖系肿瘤发病率的第\r\n一位，而在西方其发病率仅次于前列腺癌，居第2位。在我国，男性膀胱癌发病率位居全身肿瘤的第八位，女性排在第十二位以后，男性发病率为女性的3-4倍，\r\n高发年龄为50～70岁。</p><p>　　虽然膀胱癌与其他的人体癌症相比并不是那么凶险，发展也算慢的一种，但是仍有百分之几的膀胱癌恶性度很高，会\r\n发生其他部位的转移。大约有90%以上的膀胱癌患者最初的症状是血尿，也有患者首先出现的是膀胱刺激症状，表现为尿频、尿急、尿痛和排尿困难。膀胱癌患者\r\n在尿血时没有任何疼痛和其他不适症状。血尿并不持续出现，具有间歇性，甚者可间隔半年，患者易对其忽视从而错过最佳就诊时间。</p><p>　　北京积水潭医院泌尿外科专家建议，处于高发年龄的中老年人每年进行一次体检，通过B超能够将膀胱癌在早期筛查出来。</p><p>　　多饮水的同时减少憋尿是目前预防膀胱癌最好的措施。大量液体进入膀胱会降低尿液浓度，减少尿液中致癌物质对膀胱壁的侵害。在致癌物质对膀胱发生作用之前，就将它们带出体外。</p><p>　　吸烟不仅危害呼吸系统，也是膀胱癌致病的危险因素，30%-50%的膀胱癌由吸烟引起。因此，尽快戒烟也是预防膀胱癌的必要条件。</p><p>　　除此之外，科学合理的饮食结构、健康的生活方式，良好的精神状态，都可以让我们远离膀胱癌的侵扰。</p><p>　　膀胱癌虽然是泌尿系统的高发疾病，但我们并未对其束手无策。当发现了前期症状时，要及时到正规医院就医，避免疾病恶化带来无法挽回的后果。</p><p><br/></p>', '2015-04-13 20:06:43', '1', '8', '1', '0');
INSERT INTO `news_table` VALUES ('62', '罗喜平：患宫颈癌也能留住生育力', 'TOM', '新华社', '', null, '<p>&nbsp;&nbsp;&nbsp;&nbsp;罗喜平，主任医师、博士研究生导师、广东省妇幼保健院妇科主任，妇产科学科带头人。</p><p>　　从事妇产科临床及教学工作近30年，先后在美国加州大学洛杉矶医疗中心、波士顿大学医学院及香港伊丽莎白医院学习，致力于妇科肿瘤及内镜治疗。</p><p>　　2009年获“中国内镜杰出青年医师奖”、澳大利亚“蓝绿丝带学者”；2011年获“澳大利亚华人医学会荣誉顾问”；2001年在国内最先引进微波子宫内膜去除术治疗月经过多，其成果填补多项国内外相关研究空白；2003年建立了我国首个宫腔微波治疗培训中心。</p><p>　　现担任国际妇科内镜学会（ISGE）委员，中国及亚太地区微创妇科肿瘤协会理事，中国宫颈癌防治协作组委员，中国妇幼保健协会妇科肿瘤防治专业专家委员会副主任委员，中华预防医学会妇幼保健分会常见病学组副组长等多个职务。</p><p><strong>　　【专长】</strong></p><p>　　在月经过多宫腔微创系列治疗、宫颈癌筛查及微创诊治，生殖道畸形等方面有较深造诣。其领导的妇科在治疗病例数量、治疗复杂疑难病例的高成功率和低合并症上，均达到世界先进水平。</p><p>　　好莱坞女明星安吉丽娜·朱莉接连两次在没有病变的情况下，切除器官预防癌症，引起更多女性对妇科肿瘤疾病的关注。</p><p>　\r\n　十多年前，同样是名女人的梅艳芳却没有那么幸运，年仅40岁就因罹患宫颈癌而香消玉殒时，在广东省医学会妇产科学分会副主任委员、广东省妇幼保健院妇科\r\n主任的罗喜平看来，梅艳芳原本可以不那么早、那么匆忙离开人世，只要她懂多点医学知识、不放弃治疗，即便是想要保留子宫保留生育能力，如今也有临床解决办\r\n法。而且随着新技术的不断突破，未来早、中期患者在切除肿瘤的同时，可以兼顾女性的生育梦想。</p><p><strong>　　宫颈癌根治术就像是在走钢丝</strong></p><p>　\r\n　曾经在医生界有这样的评价：外科大夫中，做出名堂来的，基本都是“手术狂人”。投身妇产科30年的罗喜平也不例外，一年300多台妇科手术，工作日平均\r\n下来一天要做2台手术。本报记者对他的采访也是他从两台手术间隙，挤出午饭加午休时间完成的。“我喜欢做手术，感觉有挑战性，能为病人排除病灶，很有成就\r\n感。”罗喜平坦言。</p><p>　　年轻医生看手术中的罗喜平手法娴熟，游刃有余，但实际上，心中的那根弦绷得有多紧，只有他自己清楚。虽然已经为\r\n2000多位宫颈癌患者成功实行根治手术，但对罗喜平来说，每做一台宫颈癌根治术就像是在走钢丝，根本不容许半点疏忽，“宫颈癌根治术不是单纯切宫颈，按\r\n照治疗指南，宫颈周边3公分组织都要切除，包括多个脏器的切除及广泛的淋巴结清扫，涉及子宫动脉、输尿管、输卵管等多个关键器官，手术难度很大，一旦触碰\r\n导致大血管破裂，分分钟死亡。加之子宫前面是膀胱，后面是直肠，稍不留神就会伤及膀胱、直肠和输尿管，损坏患者正常排泄功能”。</p><p><strong>　　腹腔镜下宫颈癌根治术更为人性化、微创化</strong></p><p>　\r\n　生殖道肿瘤手术，往往会切除子宫、卵巢等器官，对女性的生育能力及维持内分泌功能是个致命打击。伴随着社会性观念开放，宫颈癌开始在我国呈现年轻化发病\r\n趋势，一些未婚、未育的姑娘也成为宫颈癌患者。而传统的治疗方案使她们丧失生育功能，带来终生痛苦。相传当年梅艳芳没有积极治疗，一个重要原因是想要孩子\r\n保住子宫，而迟迟没有做子宫切除手术，最终香消玉殒。这个曾经不可能实现的愿望，随着宫颈癌早期发现率的提高以及技术发展，现在已成现实。</p><p>　\r\n　宫颈癌传统的主要治疗方法是广泛切除子宫体和子宫颈，并切除双侧卵巢、输卵管，术后还要进行盆腔放射治疗或根治性放疗。最早一例保留生育能力的宫颈癌根\r\n治术是由法国医生Dargent在1994年提出并完成。其最大优势是治疗宫颈癌的同时可以保留生育功能，其适应症更广泛，因而受到临床医生的关注、患者\r\n的认可，被认为是21世纪宫颈癌手术发展的标志。直到2003年，国内首例该手术由北京协和医院吴鸣教授完成。随着腹腔镜技术的发展，腹腔镜下广泛宫颈癌\r\n根治术更为人性化、微创化。</p><p>　　2007年，罗喜平的门诊来了一位从清远前来求助的年轻姑娘，25岁，待嫁闺中，却意外发现患上宫颈癌，当\r\n听说治疗手术要切除子宫，姑娘的母亲犹如晴天霹雳，这以后可怎么嫁人。患者和家属非常希望手术能保留子宫、保留生育能力，在评估患者属宫颈癌早期、没有淋\r\n巴转移等情况后，罗喜平决定实施保留生育能力的腹腔镜下宫颈癌广泛根治治疗手术。手术很成功，姑娘的生育能力得到完整保存。</p><p>　　也许未来，会有更多患者因此受惠，中期，甚至晚期患者也能得以保留功能性治疗。</p><p><strong>　　生活方式改变导致宫颈癌发病年轻化</strong></p><p>　　罗喜平在采访中感慨，自己从事临床工作几十年来，每次看到晚期肿瘤患者，特别是看到很多年轻的晚期患者，都感到很心痛。癌症尚不能完全根治，晚期也很难延长患者的生命，但是如果能够早期发现、早期治疗，有些肿瘤患者经过治疗是可以长期生存的。</p><p>　　宫颈癌是源于子宫颈被覆上皮发生的恶性肿瘤，发病率占女性各种恶性肿瘤的首位，近年子宫颈癌的发病呈年轻化趋势。</p><p>　\r\n　“宫颈癌一般高发于40-50岁的中年妇女，我从医早年，几乎没有见过35岁以下的宫颈癌患者。但是近十年来，患者的年龄不断降低，我遇到最年轻的患者\r\n仅有18岁。”提起宫颈癌的年轻化，罗喜平颇为担忧，这与当前一些年轻女性的生活方式改变，如过早性生活、性伴侣过多、吸烟、压力过大等因素密切相关。</p><p>　　不过，同时也指出，宫颈癌是妇科三大肿瘤中唯一通过普查能早期发现的肿瘤。宫颈癌的年轻化趋势，也与近年来普查的加强有关。近几十年宫颈细胞学筛查结合HPV检测的普遍应用，使宫颈癌和癌前病变得以早期发现和治疗，宫颈癌的治愈率已有明显提高，死亡率也有明显下降。</p><p>　　和卵巢不同的是，宫颈可以通过医师的直接视诊来观察，医生做检查的时候，窥具打开阴道后就可以暴露宫颈，为宫颈癌的早期发现提供了一个很大的方便。</p><p>　　罗喜平表示，不少发现癌症时已是晚期的女性不但缺乏医学常识，更加缺乏健康体检的意识，使本不应该发生的肿瘤发生了，本应该早期发现的肿瘤拖延到了晚期。</p><p>　　“群体的防治比个人的单独治疗更需要被重视。手术帮助的患者是有限的，但是预防做好了却能受惠一片人。提高自我保健意识，定期做检查，对宫颈癌等疾病的预防和治疗有着重要作用。”罗喜平强调说。</p><p><br/></p>', '2015-04-13 20:07:09', '1', '8', '1', '0');
INSERT INTO `news_table` VALUES ('63', '国产埃博拉药物治愈1英国女兵', 'TOM', '新华社', '', null, '<p></p><p>&nbsp;&nbsp;&nbsp; 记者2日从总后勤部获悉，我国研发的埃博拉抗体药物MIL77，在英国成功治愈1名\r\n确诊的埃博拉病毒感染者——25岁的英国女兵安娜·克罗斯，另有2名从疫区回到英国的高危疑似感染者使用这种药物进行预防性给药治疗后解除隔离。目前，世\r\n界卫生组织、加拿大、英国以及无国界医生组织已提出储备应用MIL77抗体药物需求。</p><p>　　据悉，自去年西非疫情暴发后，国家卫计委和总后勤\r\n部迅速下达了紧急研制并生产治疗性抗体药物的任务。军事医学科学院基础医学研究所、北京天广实生物技术股份有限公司、浙江海正药业股份有限公司联合攻关，\r\n短短3个月时间就完成了MIL77抗体药物的研制和100余人份应急样品生产任务，并顺利通过国家有关机构的抗体标准检测。</p><p>　　这个项目不仅创造了抗体药物研发生产的“中国速度”，而且代表中国国产抗体药物首次走出国门，成功应用于西方发达国家患者。</p><p><br/></p>', '2015-04-13 20:09:26', '1', '9', '1', '0');
INSERT INTO `news_table` VALUES ('64', '从李光耀去世，说说肺部感染', 'TOM', '新华社', '', null, '<p>&nbsp;&nbsp;&nbsp;&nbsp;“大夫！快来看看我爸！这刚在床边解个手就又喘上了！”一个家属一进办公室的门就焦急地喊着。</p><p>　　“来了！”我背起听诊器就跟着家属冲了出去。</p><p>　　<strong>老大爷</strong><a href=\"http://jbk.39.net/mxzqgy/\" target=\"_blank\"><strong>慢性支气管炎</strong></a><strong>急性发作</strong></p><p>　　病人正趴在床边的椅子上，双手撑着膝盖，肩头不断地耸动着，那喘息的声音像拉着一个破风箱一样，不用听诊器也能听得清清楚楚，面色白得有点发灰，嘴唇全是紫黑色。看到我，老人还是礼貌地想打个招呼，可是仅仅是点点头似乎就已经是耗尽了全身的力气。</p><p>　　“老张是解完手就这样了吗？”我一边问家属一边听诊了病人的肺部，满肺的啰音证明了慢性支气管炎急性发作的诊断。</p><p>　　“还没解完手就这样了，勉强把裤子提好我就赶紧去找您了。”</p><p>　　“先不说这个，你这里有止喘的喷剂吗？拿出来用几下。”我说道。</p><p>　　“是这个吗？”家属问道，然后赶快给病人喷了几下。</p><p>　　看着病人的喘憋渐渐舒缓了些，我找到了护士，给病人又加了一针止喘针，然后回到病人身边。看着病人的呼吸渐渐地开始舒缓了下来，我心中不禁也松了一<a href=\"http://jbk.39.net/kc1/\" target=\"_blank\">口气</a>。</p><p>　　看着病人稍好了些家属在旁边问道：“刘大夫，你说老爷子这病可怎么办呐！这连解个手都要喘半天，以后可怎么办呐！”</p><p>　　“先不要着急灰心，其实老爷子来了之后经过一段时间的治疗，炎症还是好多了，体温也正常了，化验指标现在也正常了。喘其实比来时候也好些了。”</p><p>　　“您说这开始就是一个肺部感染，怎么一犯起来就这样了！”家属接着问道。</p><p>　　“呵，你可别小看肺部感染，李光耀你听说了吧，人家新加坡国父，前些天刚故去，刚入院的时候也就是个肺部感染。”</p><p>　　“是吗？可是人家是谁啊？我们是谁啊？这能一样吗！”</p><p>　　“看着病人喘减缓，我给你讲讲。这事说一样也一样，说不一样也不一样！”我看到家属和病人都开始把注意力集中到了我身上。病人注意力一从自己的身上移开连喘都好像好了些，我决定好好讲一讲。</p><p>　　<strong>肺部感染一个跟一个不一样</strong></p><p>　\r\n　“呼吸道感染都一样。呼吸道是人体联通外界的重要器官，你听说过人可以一天不吃饭，一天不排尿，但是有谁敢说自己一天不喘气的吗？既然联通外界，那么就\r\n免不了要接触到各种外界的物质，小到雾霾啊，病毒啊，大到粉尘啊，细菌啊，真菌啊，每一天都会在你的肺里转上几圈，哪一天你抵抗力一下降立刻就会给你来个\r\n狠的，不过我们管这些都叫呼吸道感染。位置高就是上呼吸道感染，位置深就是肺部感染甚至肺炎。可见这呼吸道感染倒也还算公平，上至王侯将相，下至平民百姓\r\n倒是一视同仁。”</p><p>　　看大家听得入神，老爷子连喘都有点忽略了，我接着讲：“那么你说咱们老爷子得的病和李光耀有什么不同呢，咱们来说说啊，首先是轻重，报道说李光耀得的是<a href=\"http://jbk.39.net/keshi/neike/huxi/4e240.html\" target=\"_blank\">重症肺炎</a>，这都是呼吸道感染。最轻的是上呼吸道感染，也就是咱们常说的<a href=\"http://jbk.39.net/gm/\" target=\"_blank\">感冒</a>，最重的那就是肺炎甚至重症肺炎。那会儿<a href=\"http://jbk.39.net/jxh1n1lg/\" target=\"_blank\">甲流</a>流行的时候我就亲眼见过那种重症肺炎的小姑娘，头一天肺里还干干净净的，第二天一复查胸片，两个肺里就像那吸烟时吐出的烟雾给散进去了一样变白了。所以别看诊断都是肺部感染，每一个肺部感染其实还是不一样的。</p><p>　　“再说地域，南方肺病的发作和北方还是有很大的不同的。就拿老爷子得的这种慢性支气管炎为例，南方人的慢性支气管炎大部分是从<a href=\"http://jbk.39.net/xc/\" target=\"_blank\">哮喘</a>演化成的，南方气候温暖，四季花卉不断，在花粉等物质刺激下南方人更容易出现的是呼吸道因<a href=\"http://jbk.39.net/gm1/\" target=\"_blank\">过敏</a>而出现哮喘，常年哮喘造成<a href=\"http://jbk.39.net/keshi/waike/xinxiong/9d515.html\" target=\"_blank\">肺损伤</a>最\r\n终形成慢性支气管炎。而北方则完全不同，北方四季分明，花卉刺激比南方明显要少很多，但是北方气候变换快，换季时感染高发，再加上北方粉尘浓度大，也会造\r\n成普遍的肺损伤，反复感染同样也会造成慢性支气管炎。不过有一点倒是南北方一致的，那就是吸烟，吸烟一定会损伤你的肺。老爷子，您是不是以前也吸烟啊？”</p><p>　　“以前？前两天好的时候还背着我们偷偷溜出去抽一根呐！大夫，您好好批评批评他！”家属在旁边告状道。</p><p>　　“一辈子了，哪能戒得了啊！”老人尴尬地嘀咕了一句。</p><p>　　<strong>爱护你的肺从年轻时开始</strong></p><p>　\r\n　“人的肺功能是随着年纪逐渐下降的，就像一座山缓缓下降的山坡，而肺部的炎症却会对肺的功能产生损伤，让这个山坡像下台阶一样下降一块，而这样的下降是\r\n无法挽回的，吸烟这样的坏习惯就像把斜坡变陡了，像老爷子这样的病，这样的肺功能，平时就要多爱护了，不然只怕将来会越来越差。”</p><p>　　“那么怎么爱护呢？”</p><p>　\r\n　“刚才说的戒烟就不论了，适当的锻炼对于您还是有意义的，在家时要养成吸氧的习惯，低流量的氧气能够改善气道痉挛，减缓肺功能的下降。但是吸氧要注意的\r\n是老爷子的病一定不能吸氧浓度太高，吸得浓度太高会出现呼吸衰竭加重，甚至会出现昏迷，所以平时就2-3L每分钟，就是相当于吸氧的时候你几乎感觉不到什\r\n么氧气吹在脸上的感觉就对了。再加上更积极地按时应用一些缓解气道痉挛的药物，不要等您喘的不能忍受了再用药而是在刚开始觉得憋的时候就开始用药，这样也\r\n能减缓肺功能的下降。”</p><p>　　“您刚才说了老爷子的注意事项，那我们这些年轻人要怎样做才能保护好肺呢？我可不想老了变成老爷子这样！”</p><p>　　“年轻就是人生最大的本钱，积极锻炼身体当然能改善心肺功能，参加些有氧运动，当然能提高你的心肺功能，有了年轻时的储备上了岁数就有更多的资本可以与疾病对抗了。”</p><p>　　看着聊了这么一会老爷子的喘比刚才好多了，我放下心来：“老爷子喘好多了，我就不多聊了，有什么情况随时叫我。”</p><p>　　“得嘞，刘大夫，多谢您了，讲得真清楚，您忙您的吧。”家属高兴地说着。</p><p><br/></p>', '2015-04-13 20:10:01', '1', '9', '1', '0');
INSERT INTO `news_table` VALUES ('65', '东莞手足口病进入高发期', 'TOM', '新华社', '', null, '<p>&nbsp;&nbsp;&nbsp;&nbsp;近日，来市内各医院求诊的<a href=\"http://jbk.39.net/szkb/\" target=\"_blank\">手足口病</a>患儿悄然增多。记者从东莞市儿童医院、南城医院等了解到，最近两周手足口病的病例数悄然增多。市疾控中心提醒，4至7月是东莞手足口病高发期，目前手足口病病例数远低于去年同期，但已进入上升期，托幼机构等集体单位发生聚集性疫情的风险逐渐增高。</p><p>　　“比前两个月多了三成左右，一个月有20例左右，和去年比不算多，下月将迎来高峰。”儿童医院一名儿科医生这样告诉记者。</p><p>　　手足口病是由<a href=\"http://ypk.39.net/yaopin/d2306.html\" target=\"_blank\">柯萨</a>奇A组16型、肠道病毒71型等多种人肠道病毒引起的一种常见传染病，多发于5岁以下婴幼儿；多数人患病后症状较轻，主要表现为<a href=\"http://zzk.39.net/zz/quanshen/4ff9b.html\" target=\"_blank\">发热</a>，手、足部出疹，口腔黏膜出现疱疹或溃疡；少数患者病情较重，可并发脑炎、<a href=\"http://jbk.39.net/nmy/\" target=\"_blank\">脑膜炎</a>、<a href=\"http://jbk.39.net/xjy/\" target=\"_blank\">心肌炎</a>、<a href=\"http://jbk.39.net/fy/\" target=\"_blank\">肺炎</a>等，如不及时治疗可危及生命。由于每年发病数量较多，不少家长都谈之色变。</p><p>　　去年1至4月，东莞手足口病发病数是前年同期的3倍左右，今年情况怎样？市疾控中心说，4至7月和9至11月是东莞手足口病高发期，目前东莞市手足口病病例数远低于去年同期，但已进入上升期，托幼机构等集体单位发生聚集性疫情的风险逐渐增高。</p><p>　\r\n　医生介绍说，按照往年经验，手足口病的发病是从每年3月开始，发病数逐渐增多，4至7月为高发期。疾控中心专家说，目前东莞手足口病的病原体以其他肠道\r\n病毒和柯萨奇A组16型（CoxA16）为主，去年同期是以肠道病毒71型（EV71）和其他肠道病毒为主，而相比其他病原体，感染肠道病毒71型\r\n（EV71）的患儿更容易出现重症和死亡。</p><p>　　广东四季不分明，天气潮湿，利于病毒传播，再加上人口密集，手足口病的患病率较高。市疾控中\r\n心提醒，做好儿童个人和家庭的卫生是市民预防手足口病的关键，市民预防手足口病要做到：勤洗手、喝开水、吃熟食、常通风、适当晒太阳。同时，家长还要密切\r\n关注孩子的健康状况，一旦孩子出现发热、<a href=\"http://jck.39.net/jiancha/huaxue/d9a3a.html\" target=\"_blank\">皮疹</a>等症状，要及时带孩子到正规的医疗机构就诊。</p><p><br/></p>', '2015-04-13 20:10:32', '1', '9', '1', '0');
INSERT INTO `news_table` VALUES ('66', '深圳每年新增约500自闭症患儿', 'TOM', '新华社', '', null, '<p>&nbsp;&nbsp;&nbsp;&nbsp; 4月2日是第八个“世界提高自闭症意识日”，今年的主题为“职业：自闭症优势”。记者了解到，目前深圳约有超过1万名自闭症患儿，且自闭症发病率逐\r\n年递增，深圳自闭症发病率达2.6‰，近年来每年新增自闭症患儿500名左右。对此，深圳市康宁医院的专家提醒，对于自闭症人士，除了社会提供再教育、就\r\n业机会，还需要专业人员在心理学和医学方面，为他们一生在学习、就业、生活上的顺利发展提供专业性指导和帮助，帮助自闭症患者融入社会。</p><p>　\r\n　自闭症谱系障碍是一种起病于儿童早期的严重的神经发育障碍，具有社会交往和语言交流障碍、重复刻板的行为和狭窄兴趣等临床特征，是一种脑发育方面的异常\r\n疾病。自闭症在成长发育过程中会出现广泛的功能受损，这使部分患儿不能融入社会，同时也给其家庭和社会带来沉重的负担。据统计，深圳自闭症患儿每月康复训\r\n练的费用支出占总收入一半或以上的家庭超过50%，甚至有24.39%的患儿康复支出超出家庭总收入。</p><p>　　深圳市康宁医院儿少精神科主任卢建平介绍，目前自闭症人群中的大多数不能像普通人一样入学、就业，自闭症人士在融入社会的过程中，\r\n会出现适应不良的情况，影响其就业和持续发展，这不仅影响了其中一些有特质人士的能力发挥，也影响着无特质人群走入社会。对于自闭症人士，除了社会提供再\r\n教育、就业机会，需要专业人员在心理学和医学方面，为他们一生在学习、就业、生活上的顺利发展提供专业性指导和帮助。</p><p>　　多年来，市康宁医\r\n院也坚持开展自闭症早期筛查、早期干预服务，为患者家庭提供专业上的帮助指导。“比如为患儿及家长提供筛查、干预和教育训练指导，在机构康复项目中还有模\r\n拟社会日常生活多种场景的功能康复训练。与相关机构、学校合作，针对特殊儿童难以随班就读的问题，开展特殊儿童心理健康融合教育。”卢建平说，在十余年的\r\n儿童自闭症康复工作中，通过为自闭症患儿提供专业的康复服务，挖掘出其自身潜能，促进社会功能的发展，为自闭症患儿融入社会打下基础。</p><p>　　\r\n同时，他也呼吁全社会共同关注这个群体。“社会应提供机会，专业力量提供帮助指导，利用自闭症一些人群比普通人群更强的能力、对细节的关注能力也比普通人\r\n群更强的特质等，提高对他们就学、就业的支持。”卢建平说，也不应对自闭症人士一概否定，应了解到他们与普通人是有不同的。同时，还要减少对自闭症人士的\r\n歧视，使其以社会参与者的方式融入社会，而不只是以被救助者和弱者的形象呈现于众。</p><p><br/></p>', '2015-04-13 20:11:01', '1', '9', '1', '0');
INSERT INTO `news_table` VALUES ('67', '不能让耐多药痨病任性逆袭', 'TOM', '新华社', '', null, '<p>&nbsp;&nbsp;&nbsp;&nbsp;昨天是世界防治结核病日。结核病已被攻破？这是美好幻觉。眼下，结核病正卷土重来，而且出现了更可怕的耐多药、广泛耐药甚至完全耐药的结核病菌株。金砖四国成为该病多发区域。治疗结核病必须“四药联用”，缺药或使用不当，会适得其反。</p><p>　\r\n　众所周知，让林黛玉殒命的结核病，在上个世纪已经被攻破了。事实是，上世纪中叶，随着异烟肼、利福平和乙胺丁醇等抗生素被发现，联合使用和正确给药后，\r\n可以有效治愈结核病，因此全球结核病发病率和患病率曾降到较低水平，其威胁一度被各国所忽视。业内也对这一疾病有过非常乐观的估计，即2025年有望消灭\r\n结核病。</p><p>　　遗憾的是，结核病没有像公共卫生专家们预测的那样成为过去时。上个世纪八九十年代，结核病再次出现上升趋势。1993年，已知结核病病例数量介于700万-800万人之间，每年死亡人数约为130万-160万人。</p><p>　　数字听着不太多是吧？但它可是世界上传染性最强的疾病之一：处于结核病活跃期的一名患者，在整个病程内可传染10-20个健康人。尽管并非所有感染者都会发展成结核病，但对于免疫受损者和贫困人群来说，这并不是好消息。</p><p>　　压力正在降低人们的免疫力，人群移居不但是全国趋势也是全球趋势。所以世界卫生组织宣布结核病为全球性危机，全球传染病中的第一杀手，并不为过。</p><p>　　对于我国，则是居世界第二位的结核病高负担国家。据估计，我国拥有近5.5亿的结核感染人群，每年新发肺结核100万例，新发耐多药肺结核10万例。</p><p>　　<strong>死灰复燃找原因</strong></p><p>　　专家认为，结核病死灰复燃，是多种相互关联因素共同作用的结果，其中两种情况影响最大，第一是艾滋病的蔓延，第二是耐多药结核病的出现。</p><p>　　先说艾滋病患者。在感染了结核病的健康人群中，仅有约5%-10%的人会在一生中发展成活跃期的结核病。但是对于免疫系统受到艾滋病病毒和艾滋病影响的人来说，有十分之一在一年内发展成活跃期的结核病。</p><p>　\r\n　然后是耐多药。关于这个问题，首先要了解结核病治疗管理。根据世界卫生组织推荐的治疗方案，必须四种抗生素类药物联用：异烟肼、利福平、乙胺丁醇和吡嗪\r\n酰胺。这些用药是一线结核病治疗，如果能够连续6个月正确用药，可以治愈87%的药物敏感型结核病。但是，如果未能严格遵循给药方案，这个一线方案就会成\r\n为双刃剑，即可能导致药物敏感性结核病菌变异为耐药病菌，并不断繁殖。变异后的病菌可传播给易感程度与药物敏感性结核病相同的其他患者。而在医疗资源不足\r\n的国家，由于无法获取这四种药物，或者无法完成治疗，或者中途停药，或者错误的治疗方案，或者服用没有质量保证的药物，促使这种日益耐药、通过空气传播且\r\n传染性极强的疾病发生。世界卫生组织数据显示，3.6%的新增结核病均对多种药物耐药，其中大多数病例发生在巴西、俄罗斯、印度、中国和南非这些“金砖国\r\n家”。在东欧某些地区，耐多药结核病在新增结核病中高达20%。而如果耐多药结核病治疗不佳或者不完整，可能导致患者对更多药物产生耐药性。近年来，公共\r\n卫生监测机构还发现了广泛耐药结核病疫情的多次爆发，甚至还有似乎完全耐药的结核病菌株。专家估计，耐多药结核病的上升趋势即将赶超在疾病控制方面的努\r\n力。</p><p>　　<strong>团结一致去控制</strong></p><p>　　随着全球化的深入，任何一个机构甚至国家都无法单独应对和解决全球公共卫生威胁，统一协调的全球行动才是有效途径。</p><p>　　同样是在90年代，礼来制药的两款有效对抗结核病的药物——卷曲霉素和环丝氨酸，被独立研究人员证明对耐多药结核病治疗相当有效且相当必要。但在当时，全球有质量保证的卷曲霉素和环丝氨酸的产量，不足以满足因耐多药结核病治疗而不断增加的需求。</p><p>　\r\n　最近在北京召开的“融合共享，同见未来”的礼来耐多药结核病全球合作项目中国峰会上，与会的中国疾控中心、中华结核病学分会、世界卫生组织、红十字会与\r\n红新月会国际联合会、中华护理学会等专家就耐多药结核病防治进行了讨论，并对礼来公司捐献治疗耐多药结核病的卷曲霉素和环丝氨酸的知识产权和专有生产技术\r\n的慈善行为，给予极大赞扬。</p><p>　　2003年，最大规模的公益项目——礼来耐多药结核病全球合作项目启动，重点关注中国、印度、俄罗斯和南非\r\n等四个高负担国家。这一合作项目在短期内对卷曲霉素和环丝氨酸的价格进行减免或补贴，确保供应。长远考虑，礼来决定向耐多药结核病高负担国家的制药厂无偿\r\n转让卷曲霉素和环丝氨酸的知识产权和专利技术，通过将生产能力前移到这些最需要药品的地区、在全球范围内增加产能和产量，从而达到降低生产成本，确立长期\r\n可持续的供应，帮助治疗更多患者。合作项目还推出了一系列健康促进、医务人员培训等计划，以确保耐多药结核病的正确诊断和治疗，并尽可能提高治疗的效果。</p><p>　\r\n　至今，该慈善项目与全球七家制药厂结成合作关系，其中四家位于中国、印度、俄罗斯和南非等国家。在这些合作伙伴生产的九种产品中，有6种已获得相关国家\r\n监管部门的批准，有3种已获世界卫生组织批准。在中国，浙江海正药业利用礼来专利技术生产的卷曲霉素冻干粉针于去年10月获得了世卫组织的药品预认证。该\r\n药品目录已经成为国家内采购或国际采购的重要参考。</p><p>　　时至今日，耐多药结核病依然是一种难以治疗的顽疾，诊断和治疗水平依然需要进一步提高。要想遏制耐多药结核病的蔓延，必须找到系统化的、多部门合作的方案，为已经得到证明的、可持续的临床和市场解决方案提供支持。</p><p>　　<strong>相关链接</strong></p><p>　\r\n　在世界结核病日前后，北京胸科医院举办多种大型活动。“结核医生APP”和“结核帮”微信平台已于3月23日启动。昨天上午，医院举行了大型义诊并推广\r\n“结核助手APP”。3月23日-27日中午12：00-13：00，在医院门诊一楼二楼候诊区，多位结核病专家为大众讲科普。3月25日，北京胸科医院\r\n走进北京市监狱局清园监狱讲结核防治。3月26日上午9：00-10：00，医院赴通州区潞城镇社区卫生服务中心试点启动“结核助手APP”。</p><p><br/></p>', '2015-04-13 20:12:00', '1', '9', '1', '0');
INSERT INTO `news_table` VALUES ('68', '春季感冒，中医如何对症下药？', 'TOM', '新华社', '', null, '<p>&nbsp;&nbsp;&nbsp;&nbsp;由于春季多风，气候转温，人容易患外感。要预防和治疗<a href=\"http://jbk.39.net/gm/\" target=\"_blank\">感冒</a>，首先必须明白自己患的感冒是哪一种，切忌病急乱投医。在中医的角度，如何预防和用药呢？</p><p>　　<strong>辨证下药</strong></p><p>　　从中医角度，感冒分风热、风寒、暑热三种。在春季，感冒以风热、风寒为主，因用药不同，且同一方法在不同体质的人身上有不同的功效，所以不可一概而论。多发生于春季的<a href=\"http://jbk.39.net/frgm/\" target=\"_blank\">风热感冒</a>是风热之邪袭表，肺气失和所致。如果平时吃太多带有热气的食物，人的体质就会有不同程度的脾胃湿热或胃肺积热症状，这样的体质一着凉，便会患上风热感冒。除此，劳累和经常熬夜也是病因之一。</p><p>　　风热感冒的症状多为吞咽口水时有异物感、咽痛、喉干、鼻干、皮肤干、大便干涩、小便偏黄等。其治疗一般以清热利咽、辛凉解表为主，切忌服用温性或温补食物，而应常用桑叶、<a href=\"http://fitness.39.net/food/2080.html\" target=\"_blank\">菊花</a>、薄荷等中药。</p><p>　　建议冲饮疏风清热茶。将3钱连翘、3钱射干放入保温杯的茶隔内，注入500毫升热水，盖上杯盖，泡30-40分钟，然后放入5钱金银花，再泡5分钟，待闻到花香便可饮用。三药共饮能辛凉透表，清热解毒，舒缓感冒诱发的喉痛不适。</p><p>　　<a href=\"http://jbk.39.net/fhgm/\" target=\"_blank\">风寒感冒</a>一般发生在秋冬两季，是风寒之邪外袭，肺气失宣所致。与风寒感冒相反，其一般症状为受寒、<a href=\"http://zzk.39.net/zz/quanshen/4ff9b.html\" target=\"_blank\">发热</a>、<a href=\"http://zzk.39.net/zz/toubu/tou/503cc.html\" target=\"_blank\">头痛</a><a href=\"http://jbk.39.net/keshi/neike/shenjing/9d013.html\" target=\"_blank\">无汗</a>、周身痛、鼻塞、流清涕、咳嗽痰白、舌苔发白等。用药以辛温解表最为适宜，如<a href=\"http://fitness.39.net/food/820.html\" target=\"_blank\">防风</a>、苏叶、麻黄等散寒中药。</p><p>　　平素体质虚弱易受凉的人，则较易感染风寒。发病初期有少许鼻水或鼻塞，但吞咽口水时无异物感，没有喉痛；常伴有怕冷、大便易泻及小便清长等症状。因此，切忌服用凉性或生冷食物。</p><p>　\r\n　不同体质的人都有可能出现风寒感冒。若在感冒初期，发现自己的感冒症状与上述风寒感冒的特征吻合，则推荐冲饮驱寒生姜茶。取生姜3片，葱白1段，防风3\r\n钱，将所有材料剪碎，洗净，放在保温杯的茶隔内，注入500毫升热开水，盖上杯盖，泡15-20分钟即可饮用。三药合用可解表散寒，即能使机体发汗，表邪\r\n随汗出而解。</p><p>　　<a href=\"http://jbk.39.net/keshi/zxy/zhongyi/e361b.html\" target=\"_blank\">暑热感冒</a>，发生于盛夏暑热季节，一般症状为发热不退、心烦意乱、口渴微恶等。常用藿香、佩兰、苍术、茯苓、薏米等入药，以芳香化浊、清暑化湿为宜。</p><p>　　<strong>因人而异</strong></p><p>　　针对不同的人群，儿童、成人及老人因体质不同也应采取不同的治疗方法。</p><p>　　一般来说，儿童的肺、脾和肾都会偏弱，且身体抵抗力较差。除了要注意保暖，儿童应养成吃早餐的习惯，食用粥、米粉等有米气的早餐以养脾胃，保持大便通畅，平日可适量食用黑木耳、鲜淮山及鲜百合等食材。建议家长可一周两次煲南瓜红枣排骨汤给孩子增强体力。</p><p>　　比起儿童，成人的身体对天气的适应能力较强，较少有患上<a href=\"http://jbk.39.net/keshi/zxy/zhongyi/badf1.html\" target=\"_blank\">伤风</a>感冒的机会。寒冷时节可取南北杏仁、鲜百合、圆肉、茯神、蜜枣、猪展，将所有材料洗净，加清水煮约一小时即可服用。其中，圆肉补血安神、滋养心脾，百合能滋肺润燥，茯神有健脾安神的作用，加入南北杏仁可养肺止咳、润肠通便。</p><p>　　年过四十的人，阴气自半，随着年纪渐长，气血不断减弱，脏腑机能衰退，免疫力下降，容易患外感。建议应调理脾胃，注重补益。平日可\r\n取乌鸡、党参、田七、北沙参、玉竹、无花果，把所有材料洗净，加清水煮一到两个小时即可。党参补益气血，田七活血化瘀，配合北沙参及玉竹能达到滋补强身的\r\n作用。</p><p>　　同时，市面有很多中成药可供选择，但在未经中医诊断，患者就服用中成药易出现“药不对症”的情况；有时患者会同时服用多种中成药，以致服药量太大，适得其反。建议咨询专业医生或医师，对症下药。</p><p><br/></p>', '2015-04-13 20:12:25', '1', '9', '1', '2');
INSERT INTO `news_table` VALUES ('70', '预防消化道肿瘤 每年应检查一次', 'TOM', '新华社', '', null, '<p>&nbsp;&nbsp;&nbsp;&nbsp;近日，何先生在罗湖人民医院消化内镜中心经<a href=\"http://jck.39.net/3/jianchazuhe/d6/dd6f1.html\" target=\"_blank\">胃镜</a>检查诊断为食管高级别上皮内瘤变，考虑早癌，不除外浸润。罗湖人民医院余细球博士进一步为患者行NBI放大内镜与<a href=\"http://jck.39.net/jiancha/wuli/cs/dc21b.html\" target=\"_blank\">超声内镜检查</a>，确定位于食管下段约0.5cm糜烂区局限于粘膜下层，提示食管早癌。</p><p>　\r\n　患者一家听说是癌症，一下慌了神，正值中年的何先生是家里的顶梁柱，家人一下子不知道该怎么办。最后，患者在余细球博士的建议下，接受了消化内镜微创治\r\n疗——胃镜下黏膜剥离术（ESD）。手术过程中无出血，术后1天患者就恢复饮食，5天后办理了出院。据悉，这也是罗湖人民医院消化内科开展的第一例食管早\r\n癌ESD。同时，专家也建议，预防消化道肿瘤，每年应接受一次消化道内镜检查。</p><p>　　据介绍，食管早癌以前都要进行外科手术，但外科手术需开\r\n胸、创伤大、恢复慢、花费多。而ESD能实现病变的一次性剥离，创伤小、痛苦少、恢复快、费用低、住院时间短，最大限度保持消化道解剖结构和生理功能的完\r\n好，已被作为治疗消化道早期肿瘤的首选方法，并且地位等同于外科手术及放化疗，已成为欧美及日本主流的消化道早期肿瘤治疗方法。</p><p>　　余细球说，由于食管壁薄，其周围有心脏大血管、纵膈、<a href=\"http://jbk.39.net/keshi/waike/xinxiong/4dfdc.html\" target=\"_blank\">气管</a>等组织，因此食管病灶ESD风险高，<a href=\"http://jbk.39.net/keshi/neike/xiaohua/4e1c4.html\" target=\"_blank\">消化道出血</a>和穿孔发生可能性更大。国内仅有较少数三级医疗单位开展食管黏膜病变ESD治疗工作。</p><p>　　中国是<a href=\"http://jbk.39.net/sga/\" target=\"_blank\">食管癌</a>高\r\n发地区，食管黏膜病变尤其是高级别上皮内瘤变和早期食管鳞癌的诊治是食管癌防治的重点内容。余细球介绍，消化道癌症的预后与诊治时机密切相关，进展期癌症\r\n即使接受了以外科手术为主的综合治疗，5年生存率仍低于30%，且生活质量低，给家庭及国家带来沉重的负担；而大部分消化道早癌在内镜下即可获得根治性治\r\n疗，5年生存率超过90%，大大节约了医疗资源。</p><p>　　但目前我国早癌的诊治率低于10%，远远低于日本（70%）和韩国（50%）。余细球\r\n认为，消化道肿瘤的早期诊断和治疗，不仅需要医务人员加强在此方面的学习、交流和研究，更需要百姓提高在此方面的认识。因此，建议消化道肿瘤高发区和消化\r\n道肿瘤家庭人群，年龄在40岁以上，均应接受消化内镜普查。如有肿瘤家族史、生活习惯不规律，或者出现上腹部疼痛、进食不适、吞咽困难、体重下降、便血等\r\n症状的人群应尽早进行消化内镜检查，做到早发现、早治疗。</p><p>&nbsp; &nbsp; &nbsp; &nbsp; &nbsp; &nbsp;\r\n &nbsp; &nbsp; &nbsp; &nbsp; &nbsp; &nbsp;			</p><p>\r\n				</p><p><br/></p>', '2015-04-13 20:13:56', '1', '6', '1', '0');
INSERT INTO `news_table` VALUES ('72', '清远佛冈荣获“全国白内障无障碍县”称号', 'TOM', '新华社', '', null, '<p>&nbsp;&nbsp;&nbsp;&nbsp;近日，佛冈县荣获2014年“全国<a href=\"http://jbk.39.net/bnz/\" target=\"_blank\">白内障</a>无障碍县”称号。</p><p>　　2014年初，佛冈启动全国白内障无障碍县的创建工作，在县内成立以副县长范辉煌为组长的领导小组，并从各部门抽调6名工作人员专职从事创建工作。</p><p>　　佛冈县委、县政府投入资金530多万元，深入开展筛查，组织专业队伍100多人，共筛查2500多人次，针对患者实施超声乳化白内障复明手术，合计开展复明手术1079例，同时建立长效机制，做到“发现一例、登记一例、手术一例”。</p><p>　　2014年底，佛冈创建全国白内障无障碍县各项指标达到国家验收标准，并以高分通过地级市、省级和国家级检查验收。</p><p><br/></p>', '2015-04-13 20:14:59', '1', '6', '1', '0');
INSERT INTO `news_table` VALUES ('73', '广州拟扩大活禽交易限制区 或下月实施', 'TOM', '新华社', '', null, '<p>&nbsp;&nbsp;&nbsp;&nbsp;核心提示：3月4日，广州市食药监局网站挂出《广州市人民政府关于开展家禽“集中屠宰、冷链配送、生鲜上市”工作的通告》征求意见稿，提出将在原活禽限制区域基础上全面扩大活禽交易限制区域。</p><p>&nbsp; &nbsp; &nbsp; &nbsp; &nbsp; &nbsp;	</p><p>　　海珠、天河和白云区部分区域将被列入活禽交易限制区域。3月4日，广州市食药监局网站挂出《广州市人民政府关于开展家禽“集中屠宰、冷链配送、生鲜上市”工作的通告》征求意见稿，提出将在原活禽限制区域基础上全面扩大活禽交易限制区域。</p><p>　　其中，扩大的区域范围包括海珠区科韵路以西、新港路及昌岗路以北，与珠江河道合围的区域；天河区华南快线以西、广园快速路以南，与珠江河道和越秀区合围的区域；白云区的<a href=\"http://npk.39.net/pinpai/a5fc3.html\" target=\"_blank\">三元</a>里街广园中路以南区域和景泰街辖区。上述区域将实行活禽经营限制区制度，限制区内不<a href=\"http://ypk.39.net/yaopin/8dd1b.html\" target=\"_blank\">得进</a>行活禽经营活动，并将推行活禽集中屠宰、冷链配送、生鲜上市。</p><p>　　《通告》也指出，根据家禽生鲜上市推进情况和疫情防控工作需要，市政府将视情况调整限制区范围。不出意外，新增活禽限制区域将在4月1日<a href=\"http://spk.39.net/shipin/liangshi/milei/e0a99.html\" target=\"_blank\">起实</a>施，有效期5年。相关法律、政策依据变化或有效期届满，根据实施情况依法评估修订。</p><p>　\r\n　记者了解到，根据最新出台的《广东省家禽经营管理办法》，珠三角各市于今年1月15日起全面实行家禽集中屠宰、冷链配送、生鲜上市。而去年5月初，广州\r\n市就在越秀区全区、荔湾区部分区域（不含原芳村区区域和桥中街）、天河区珠江新城、番禺区大学城等试点区域禁止活禽交易，并开展“集中屠宰、冷链配送、生\r\n鲜上市”试点工作。</p><p><br/></p>', '2015-04-13 20:16:35', '1', '7', '1', '0');
INSERT INTO `news_table` VALUES ('74', '北京疾控：麻疹三月份或再爆发', 'TOM', '新华社', '', null, '<p>&nbsp;&nbsp;&nbsp;&nbsp;北京朝阳门街道某大厦爆发麻疹事件引发关注，今日下午(1月28日)北京市疾控中心召开新闻发布会，最新信息显示，进入2015年以来，北京市麻疹\r\n发病数量逐渐上升。截至2015年 1月28日，全市共报告麻疹病例142例，约是去年同期的三倍多( 43 \r\n例)。相关负责人在会上表示，京麻疹发病还会上升，不排除继续出现暴 \r\n发疫情的可能。由于春节回乡，人口流动增加，预计三月份还会有一次爆发高峰期。4-5月达到发病的季节性高峰。</p><p>　　疾控中心提醒，此次规模虽然较去年增大，但是并不是最厉害的一次，所以市民不用担心，目前报告的病例已经得到控制。</p><p><strong>　　麻疹就爱这个季节</strong></p><p>　\r\n　北京市疾控中心副主任庞星火说，麻疹是常见传染病，冬春季好发。北京市疾控中心历年监测数据显示，北京市麻疹的流行特征是每年从1月开始发病人数渐上\r\n升，4-5月达到发病的季节性高峰。因此不能排除继续出现暴发疫情的可能。眼前马上就是春节，人口流动将增加，预计三月份还会有一次爆发高峰期。</p><p><strong>　　成人感染多因未接种疫苗或抗体下降</strong></p><p>　　麻疹其实多发于儿童。由于北京市的儿童麻疹疫苗接种率较高，因此北京市近年来麻疹发病主要集中在20岁以上的成人和未到接种疫苗年龄的小婴儿。</p><p>　　此次朝阳门某大厦大规模爆发成人麻疹，应该说主要有两个原因：一是小时候没有接种麻疹疫苗， 二是接种过疫苗的抗体有所下降。但是得过麻疹的人就不会再感染。</p><p><strong>　　麻疹其实很难变异 国内疫苗相对有效</strong></p><p>　　对于一些网友议论的麻疹变异、疫苗是否有效问题。庞星火解释：麻疹与流感不同，它很难变异，而国内疫苗相对有效，只要规范接种，应该能在很大程度上避免感染。</p><p>&nbsp;</p><p>　　必须了解的麻疹常识：</p><p>　　如果你记不得自己是否接种过麻疹疫苗，也查不到记录，可以先去医院做个抗体检测，补种。就算未检测直接接种了，对身体也没有危害。</p><p>　　已经被感染的人也是可以接种麻疹疫苗的，它可以帮你缓解症状。</p><p>　　麻疹的传染性很强，可能一间屋子里，一位麻疹患者打了一个喷嚏，这间屋子里90%的人都会感染。因此，预防麻疹，戴口罩、勤洗手很重要。</p><p><strong>　　相关阅读：</strong></p><p><strong>　　北京市疾控中心建议：</strong></p><p>　　1、市民要注意个人卫生，保持室内空气流通;如果因病需要去 医院就诊，要做好自我防护，注意带上口罩，减少交叉感染。</p><p>　　2、家中有小孩子的家长，尽量少带孩子到人员集中的公共场所。孩子满8月龄时要及时带孩子接种麻疹一风疹二联疫苗，满1.5岁时及时接种麻疹一风疹一腮腺炎三联疫苗，满6岁时再接种一针麻疹一风疹一腮腺炎三联疫苗。</p><p>　\r\n　3、如果得了麻疹，市民应该积极配合疾控部门，落实各项防控 措施，对于卫生防疫人员确定的应急接种麻疹疫苗的高危人群应尽快 \r\n应急接种麻疹疫苗，目前北京市规定在出现麻疹疫情时，45岁以下、 以前没有得过麻疹、近五年没有接种过麻疹疫苗的密切接触人员都应 \r\n尽快接种麻疹疫苗。麻疹病人居家时一定要做好隔离，避免和其他人 员的接触。</p><p>　　4、由于麻疹潜伏期较长，发生麻疹病例的集体单位应在最后1 例病人发病后21天内观察有无新发的可疑病例，一旦出现新病例应 及时报告。观察期内发生疫情的集体单位要取消集体活动或会议，减 少病毒的传播风险。</p><p><br/></p>', '2015-04-13 20:17:08', '1', '6', '1', '0');
INSERT INTO `news_table` VALUES ('75', '专家：哪些成人需接种麻疹疫苗', 'TOM', '新华社', '', null, '<p>　&nbsp; 新闻背景：</p><p>　　1月27日晚，北京市疾控中心通告：北京朝阳门街道某大厦发生一起<a href=\"http://jbk.39.net/mz/\" target=\"_blank\">麻疹</a>暴发疫情，截至1月26日共报告病例23例。“麻疹”一时间引发各界热议，那么，麻疹究竟是一个什么样的疾病？成人如何积极预防？</p><p><strong>　　解读专家：</strong></p><p>　　北京市疾控中心主任 邓瑛</p><p>　　北京市疾控中心副主任 庞星火</p><p>　　北京市疾控中心免疫预防所所长 吴江</p><p>　　北京市疾控中心主任 邓瑛</p><p>　　麻疹是一种什么病？</p><p>　　邓瑛：麻疹是由麻疹病毒引起的急性呼吸道传染病，传染性很强，在人员拥挤、空气不流通的场所，更容易实现传播。</p><p>　　麻疹是怎么传播的？</p><p>　　邓瑛：麻疹病人是唯一的传染源。</p><p>　　麻疹病毒存在于患者口、鼻、咽、<a href=\"http://jbk.39.net/keshi/waike/xinxiong/4dfdc.html\" target=\"_blank\">气管</a>、支气管分泌物和眼结膜分泌物中，通过空气飞沫（咳嗽、打喷嚏、说话）传播。病人从发病前2天到<a href=\"http://jck.39.net/jiancha/huaxue/d9a3a.html\" target=\"_blank\">皮疹</a>出现后5天都具有传染性，如果病人并发<a href=\"http://jbk.39.net/fy/\" target=\"_blank\">肺炎</a>等合并症，隔离期还需要延长至出现皮疹后的14天。没有接种过疫苗的人普遍对麻疹易感。</p><p>　　这次疫情算是暴发吗？</p><p>　　庞星火：麻疹是一个常见的传染病，只要有人群的地方就有可能发生麻疹疫情，其实出现两例就算暴发。</p><p>　\r\n　麻疹是国家法定报告的乙类传染病，在疫苗使用前，几乎每个儿童在5岁前都要发病，是严重危害儿童健康的传染病。但是从上世纪60年代开始使用麻疹疫苗以\r\n来，随着接种率的不断提高，麻疹流行得到了很好的控制，近年来北京市的麻疹发病总体控制在较低水平，呈现出每4-5年出现一个流行的相对高峰年，如\r\n2005年和2010年均高于其他年份的发病水平。从北京市疾控中心历年监测数据显示，北京市麻疹的流行特征是每年从1月开始发病人数渐上升，4-5月达\r\n到发病的季节性高峰。因此，北京麻疹发病还会上升，预计不会出现大规模暴发流行的可能。</p><p>　　麻疹死亡率高吗？</p><p>　　庞星火：麻疹的治愈率还是挺高的，死亡率大约是千分之一。</p><p>　　哪些成人需要接种麻疹疫苗？</p><p>　　邓瑛：目前北京市规定在出现麻疹疫情时，45岁以下、以前没有得过麻疹、近五年没有接种过麻疹疫苗的密切接触人员都应尽快接种麻疹疫苗。</p><p>　　麻疹病人居家时一定要做好隔离，避免和其他人员的接触。</p><p>　　去哪里打麻疹疫苗？</p><p>　　吴江：1、我们也希望集体单位可以与我们联系进行集中注射；2、如果是一些个体需要注射建议拨打12320（北京市公共卫生热线）接线员会根据你所在的地区帮您推荐接种点。</p><p>　　如果孕妇成为密切接触者，是否可以注射疫苗？</p><p>　　吴江：孕妇不可以注射麻疹疫苗。建议孕妇密切监测病情，一旦出现症状需及时就医。</p><p>　　麻疹疫苗，成人和儿童有什么区别？</p><p>　　吴江：没有区别，注射剂量也没有区别。</p><p>　　怎样预防麻疹？</p><p>　　邓瑛：</p><p>　　由于近期麻疹病例有上升的情况，市疾控中心建议：</p><p>　　1、市民要注意个人卫生，保持室内空气流通；如果因病需要去医院就诊，要做好自我防护，注意带上口罩，减少交叉感染。</p><p>　　2、家中有小孩子的家长，尽量少带孩子到人员集中的公共场所。孩<a href=\"http://jbk.39.net/keshi/zxy/zhongyi/bc939.html\" target=\"_blank\">子满</a>8月龄时要及时带孩子接种麻疹-<a href=\"http://jbk.39.net/fz1/\" target=\"_blank\">风疹</a>二联疫苗，满1.5岁时及时接种麻疹-风疹-<a href=\"http://jbk.39.net/sxy/\" target=\"_blank\">腮腺炎</a>三联疫苗，满6岁时再接种一针麻疹-风疹-腮腺炎三联疫苗。</p><p>　\r\n　3、如果得了麻疹，市民应该积极配合疾控部门，落实各项防控措施，对于卫生防疫人员确定的应急接种麻疹疫苗的高危人群应尽快应急接种麻疹疫苗，目前北京\r\n市规定在出现麻疹疫情时，45岁以下、以前没有得过麻疹、近五年没有接种过麻疹疫苗的密切接触人员都应尽快接种麻疹疫苗。麻疹病人居家时一定要做好隔离，\r\n避免和其他人员的接触。</p><p>　　4、由于麻疹潜伏期较长，发生麻疹病例的集体单位应在最后1例病人发病后21天内观察有无新发的可疑病例，一旦出现新病例应及时报告。观察期内发生疫情的集体单位要取消集体活动或会议，减少病毒的传播风险。</p><p><br/></p>', '2015-04-13 20:17:41', '1', '6', '1', '0');
INSERT INTO `news_table` VALUES ('76', '7岁女童患上甲状腺癌 脖子长硬块被忽视', 'TOM', '新华社', '', null, '<center><img style=\"background-image:none;border-bottom:0px;border-left:0px;list-style-type:none;margin:0px;outline-style:none;outline-color:invert;outline-width:medium;max-width:100%;height:auto;vertical-align:middle;border-top:0px;border-right:0px;padding:0px;\" src=\"http://localhost:8080/NewsPublish/ueditor/jsp/upload/image/20150413/1428927516566077037.jpg\"/></center><center>康复后的小月重回原来的活泼可爱。朱洪波&nbsp;摄</center><p>　　家住深圳龙岗的7岁小女孩小月（化名）去年12月被发现她的脖子上长了两个硬块，但由于不痛不痒，她的父母并没有重视。可随着时间推移，小月颈部的结节越长越大，她妈妈带她到当地医院进行彩超检查发现小月颈部长有多个肿物，之后在另一所市级医院被诊断患上了甲状腺癌。</p><p>　　28日，记者从港大深圳医院获悉，近日该院成功为小月切除了甲状腺瘤，术后还要定期复诊观察是否有复发。</p><p><strong>　　女童脖子长硬块被忽视</strong></p><p>　\r\n　“我感觉天都塌了下来，她才刚上小学！”当听到7岁女儿被确诊为甲状腺癌，小月的妈妈恍如晴天霹雳。确诊医生也坦言，儿童得甲状腺癌的病例很少见，必须\r\n通过手术治疗，但小孩手术难度大，风险高，建议他们前往北京、上海的大医院，成功的机会更大。小月妈妈随后辗转深圳多家大型医院求助同样无果。</p><p>　　后来，父母带着一线希望来到港大深圳医院。该院内分泌外科副顾问医生黄志恒告诉家长，通过手术切除和后续的治疗，小女孩完全可以康复。他同时在与港大深圳医院及香港玛丽医院担任内分泌外科主管的港大副教授梁熊显进一步会诊后，决定联合为小月做开刀手术。</p><p>　　团队针对小月的病情设计了周密的方案，于1月12日为其手术，梁熊显教授与黄志恒互相配合，成功切除了小月颈部出现病变的甲状腺，同时清除了两侧的淋巴结转移病灶。</p><p><strong>　　甲状腺癌发病率上升快</strong></p><p>　　甲状腺癌是内分泌系统和头颈部肿瘤中最常见的恶性肿瘤，每年新发病例占所有癌症发病的1%—5%，近10年来，甲状腺癌成为深圳排位上升最快的恶性肿瘤。</p><p>　　黄志恒说，儿童患甲状腺癌的几率较中青年人低得多，但由于儿童新陈代谢旺盛，一旦出现，其侵袭性强、复发率较高，更容易出现转移，因而处理起来非常棘手。</p><p>　　根据深圳市慢性病防治中心的统计，甲状腺癌在深圳的报告病例数2003年还未列入前十，近10年来排名一直呈上升趋势，2014年则达到了第四位。而在女性的恶性肿瘤杀手中则排到了第二位，仅次于乳腺癌。患者主要为30—50岁的中青年，其中女性是男性的2倍多。</p><p>　\r\n　黄志恒医生的临床观察也印证了这一趋势。他介绍，港大深圳医院自2012年底开设内分泌外科至今，共进行约900例甲状腺手术，当中近1/3为恶性的甲\r\n状腺癌，“恶性的比例较以往明显提升”。他认为，无处不在的电视、电脑、平板电脑、手机辐射是甲状腺癌增加的一个重要原因。</p><p>&nbsp; &nbsp; &nbsp; &nbsp; &nbsp; &nbsp;			</p><p>\r\n				</p><p><br/></p>', '2015-04-13 20:18:59', '1', '6', '1', '0');
INSERT INTO `news_table` VALUES ('77', ' 我国约1.2亿骨关节炎患者 发病率超心脑血管病', 'TOM', '新华社', '', null, '<p>&nbsp;&nbsp;&nbsp;&nbsp;关节炎被世界卫生组织称为“不死癌症”。1月18日，四川大学华西医院关节外科主任沈彬在北京指出，我国约1.2亿人正在经受着骨关节炎的折磨，其发病率远超心脑血管疾病，致残率高，严重损害患者的生活自理能力和劳动能力。</p><p>　　骨关节炎是最常见的一种关节疾病。全世界有3.6亿骨关节炎患者。我国约1.2亿人正在经受着骨关节炎的折磨，60岁以上老人中，就有一半以上的人患有该病。女性发病率高于男性。</p><p>　　今日，中国医师协会联手搜狐健康发布《2015年中国骨关节炎防治认知白皮书》。这是一项基于骨关节炎防治的公众认知网络调研。</p><p>　　南京鼓楼医院关节中心主任蒋青在解读中指出，骨关节炎不是老年人的专利，已出现年轻化趋势。由于年轻人运动不当、外伤导致的骨关节炎越来越常见。运动量较大的青年人和60岁以上的老年人是骨关节炎的高危人群。而骨关节炎的发生与年龄、肥胖、炎症、创伤及遗传有关。</p><p>　　“如果你的关节经常出现疼痛、肿胀等症状，那就要警惕骨关节了”，上海中山医院骨科关节外科主任姚振均说，膝关节最易得骨关节炎，因为其运动量大。而下肢的骨关节炎(膝、髋关节)相较于上肢的骨关节来说，危害更大。它会影响患者的自理能力和劳动能力。</p><p>　　姚振均告诉环球网记者，特别是肥胖，会给膝关节带来巨大负担。健康人的BMI值在18.5-24.99，但当BMI值超过5%时，患骨关节炎的可能性就会增加。国际共识一致认为，减肥是减少骨关节炎发生的最好办法。</p><p>　　不少人误以为补钙可以缓解甚至是治疗骨关节炎。蒋青向环球网记者解释道，补钙往往治疗的是骨质疏松。而骨质疏松和骨关节炎是两种不同的疾病。骨关节炎是关节软骨被破坏了，仅仅补钙是不够的，需要用有针对性的药物。</p><p>　\r\n　对于轻微的骨关节炎患者减少过度有害活动、减轻体重、注意保暖并使用手杖即可。而症状较重的患者应进行理疗、按摩等物理治疗和药物治疗。在药物治疗中，\r\n控制症状药物主要是口服非甾体类消炎药，改善病情药物最具代表性的是氨基葡萄糖类药物。因其具有促进软骨合成、抑制关节软骨分解、抗炎的作用，在世界范围\r\n内广泛应用。但需足疗程、足量服药。如果服用半年以上仍没有出现明显效果的，应该及时就医复诊，调整治疗方案。</p><p>　　最后，专家指出，早期预防、早期诊断、早期治疗、及时调整生活方式是改善骨关节炎患者生活质量、避免致残的关键所在。</p><p>&nbsp; &nbsp; &nbsp; &nbsp; &nbsp; &nbsp;\r\n &nbsp; &nbsp; &nbsp; &nbsp; &nbsp; &nbsp;			</p><p>\r\n				</p><p><br/></p>', '2015-04-13 20:19:27', '1', '7', '1', '0');
INSERT INTO `news_table` VALUES ('78', '哪些人易患乳腺癌？一张图告诉你乳腺癌症状', 'TOM', '新华社', '', null, '<p>&nbsp;&nbsp;&nbsp;&nbsp;女性<a href=\"http://jbk.39.net/rxa/\" target=\"_blank\">乳腺癌</a>发病率0-24岁年龄段处较低水平，25岁后逐渐上升，50-54岁组达到高峰，55岁以后逐渐下降。专家表示，三类人群易患乳腺癌：</p><p>　　一是有家族史，如果母亲，姐妹或女儿在<a href=\"http://jbk.39.net/keshi/fuchan/fuke/9cae8.html\" target=\"_blank\">绝经</a>前被诊断为乳腺癌，那发病率是普通人的3倍。如果两个或两个以上的近亲（如，表兄弟姐妹，阿姨，祖母）有罹患<a href=\"http://jbk.39.net/rxa/\" target=\"_blank\">乳癌</a>，那患乳腺癌的几率也会增加。</p><p>　　二是有个人史，一侧乳腺癌的患者，对侧乳房发生癌变的机会比一般人高5-7倍。如月经初潮早于12岁，或停经年龄在55岁之后；长期服用避孕药（<a href=\"http://jck.39.net/jiancha/huaxue/neifenmi/9c5a7.html\" target=\"_blank\">雌激素</a>）；第一次妊娠年龄大于30岁及从未生育过的妇女；进食过多动物脂肪，绝经后体重超重等患乳腺癌几率比正常人高。</p><p>　　三是受生活习惯影响。经常规律锻炼的妇女发病率较低。<a href=\"http://zzk.39.net/zz/quanshen/50502.html\" target=\"_blank\">肥胖</a>者患乳腺癌的几率较高。喝酒可以增加患病的风险（由于酒精可以增加<a href=\"http://jck.39.net/jiancha/huaxue/neifenmi/4da24.html\" target=\"_blank\">血液</a>中的雌激素含量）。</p><p style=\"text-align:center;\">　　<img src=\"http://pimg.39.net/PictureLib/A/f76/20150118/org_378419.jpg\" style=\"border:0px;max-width:100%;height:auto;margin:0px 3px 15px;font-family:&#39;helvetica neue&#39;, 微软雅黑, &#39;microsoft yahei&#39;, helmet, freesans, sans-serif;font-size:15px;line-height:30px;text-align:-webkit-center;white-space:normal;\"/></p><p><br/></p>', '2015-04-13 20:20:36', '1', '7', '1', '0');
INSERT INTO `news_table` VALUES ('81', '台湾首度检出H5N8病毒 目前暂无人类病例发生', 'JANE', '华西社1', '', '/files/303650109556939.jpg', '<p>　&nbsp;</p><p style=\"text-align:center\"><img src=\"/NewsSystem/ueditor/jsp/upload/image/20170530/1496147557112071111.jpg\" title=\"1496147557112071111.jpg\" alt=\"1496147557112071111.jpg\" width=\"346\" height=\"234\"/></p><p>&nbsp; &nbsp;台湾中南部地区禽流感疫情持续扩大，继屏东县一家蛋禽场9日晚间确认爆发高病原H5N2亚型禽流感后，嘉义县多家养鹅场近日又出现鹅只异常死亡，其中一家检验出H5N8病毒。当局“农业委员会主任委员”陈保基11日表示，H5N8在台湾属首次发现，怀疑是候鸟传播导致。</p><p>　&nbsp; 据嘉义县相关农业部门披露，截至10日，嘉义县有8处鹅场、13495只鹅死亡，其中以大林镇某鹅场的70％死亡率最高，相关检体都已送验。嘉义县相关\r\n农业部门11日已对该场的1500多只鹅进行扑杀。另据台“农委会”动植物防疫检疫局披露，包含上述嘉义县8处养鹅场在内，屏东县、台南市、嘉义县、云林\r\n县等4县市共计采检23场次，均已进行管制，如确认疫情将立即进行防疫处置。</p><p>　　针对禽流感疫情持续扩大，陈保11日表示，这些都是属于不传染人的病毒，到目前为止未有传染到人的病例发生，请消费者放心。当局也将加强控制，保证不让感染禽流感的鸡、鸭、鹅进入市场。</p><p>&nbsp; &nbsp; &nbsp; &nbsp; &nbsp; &nbsp;\r\n &nbsp; &nbsp; &nbsp; &nbsp; &nbsp; &nbsp;			</p><p><br/></p><p><br/></p>', '2015-04-13 20:21:53', '1', '7', '1', '0');

-- ----------------------------
-- Table structure for rights_table
-- ----------------------------
DROP TABLE IF EXISTS `rights_table`;
CREATE TABLE `rights_table` (
  `ID` int(11) NOT NULL AUTO_INCREMENT,
  `RIGHT_NAME` varchar(255) DEFAULT NULL,
  `RIGHT_URL` varchar(255) DEFAULT NULL,
  `RIGHT_DESC` varchar(255) DEFAULT NULL,
  `RIGHT_CODE` bigint(20) DEFAULT NULL,
  `RIGHT_POS` int(11) DEFAULT NULL,
  `COMMON` bit(1) DEFAULT NULL,
  PRIMARY KEY (`ID`)
) ENGINE=InnoDB AUTO_INCREMENT=75 DEFAULT CHARSET=utf8;

-- ----------------------------
-- Records of rights_table
-- ----------------------------
INSERT INTO `rights_table` VALUES ('1', '用户注册', '/RegAction_doneReg', null, '1', '0', '');
INSERT INTO `rights_table` VALUES ('2', '新闻首页', '/NewsAction_getAllPassedNews', null, '2', '0', '');
INSERT INTO `rights_table` VALUES ('3', '用户登录', '/LoginAction_doneLogin', null, '4', '0', '');
INSERT INTO `rights_table` VALUES ('4', '新闻详情', '/NewsAction_getViewNews', null, '8', '0', '');
INSERT INTO `rights_table` VALUES ('5', '发表评论', '/NewsAction_publishComment', null, '16', '0', '');
INSERT INTO `rights_table` VALUES ('6', '删除评论', '/NewsAction_deleteComment', null, '32', '0', '');
INSERT INTO `rights_table` VALUES ('7', '管理员登录', '/AdminAction_doneLogin', null, '64', '0', '');
INSERT INTO `rights_table` VALUES ('8', '后台新闻管理首页', '/NewsAction_getAllNews', null, '128', '0', '\0');
INSERT INTO `rights_table` VALUES ('9', '后台新闻详情', '/NewsAction_getNews', null, '256', '0', '\0');
INSERT INTO `rights_table` VALUES ('10', '后台添加新闻', '/NewsAction_addNews', null, '512', '0', '\0');
INSERT INTO `rights_table` VALUES ('11', '后台保存新闻', '/NewsAction_saveNews', null, '1024', '0', '\0');
INSERT INTO `rights_table` VALUES ('12', '后台删除新闻', '/NewsAction_deleteNews', null, '2048', '0', '\0');
INSERT INTO `rights_table` VALUES ('13', '后台更新新闻', '/NewsAction_updateNews', null, '4096', '0', '\0');
INSERT INTO `rights_table` VALUES ('15', '后台栏目管理首页', '/NewsTypeAction_getAllNewsTypes', null, '8192', '0', '\0');
INSERT INTO `rights_table` VALUES ('16', '后台更新新闻栏目', '/NewsTypeAction_updateNewsType', null, '16384', '0', '\0');
INSERT INTO `rights_table` VALUES ('17', '后台保存新闻栏目', '/NewsTypeAction_saveNewsType', null, '32768', '0', '\0');
INSERT INTO `rights_table` VALUES ('18', '后台删除新闻栏目', '/NewsTypeAction_deleteNewsType', null, '65536', '0', '\0');
INSERT INTO `rights_table` VALUES ('19', '后台添加新闻栏目', '/NewsTypeAction_addNewsType', null, '131072', '0', '\0');
INSERT INTO `rights_table` VALUES ('20', '后台用户管理首页', '/UserAction_getAllUsers', null, '262144', '0', '\0');
INSERT INTO `rights_table` VALUES ('21', '后台删除用户', '/UserAction_deleteUser', null, '524288', '0', '\0');
INSERT INTO `rights_table` VALUES ('23', '后台管理员注销', '/AdminAction_doneLogout', null, '1048576', '0', '\0');
INSERT INTO `rights_table` VALUES ('24', '后台权限管理首页', '/RightAction_findAllRights', null, '2097152', '0', '\0');
INSERT INTO `rights_table` VALUES ('25', '后台更新权限', '/RightAction_editRight', null, '4194304', '0', '\0');
INSERT INTO `rights_table` VALUES ('26', '后台保存权限', '/RightAction_saveOrUpdateRight', null, '8388608', '0', '\0');
INSERT INTO `rights_table` VALUES ('28', '后台删除权限', '/RightAction_deleteRight', null, '16777216', '0', '\0');
INSERT INTO `rights_table` VALUES ('29', '后台批量更新权限', '/RightAction_batchUpdateRights', null, '33554432', '0', '\0');
INSERT INTO `rights_table` VALUES ('30', '后台添加权限', '/RightAction_toAddRightPage', null, '67108864', '0', '\0');
INSERT INTO `rights_table` VALUES ('33', '后台角色管理首页', '/RoleAction_findAllRoles', null, '134217728', '0', '\0');
INSERT INTO `rights_table` VALUES ('34', '后台添加角色', '/RoleAction_toAddRolePage', null, '268435456', '0', '\0');
INSERT INTO `rights_table` VALUES ('35', '后台保存角色', '/RoleAction_saveOrUpdateRole', null, '536870912', '0', '\0');
INSERT INTO `rights_table` VALUES ('36', '后台更新角色', '/RoleAction_editRole', null, '1073741824', '0', '\0');
INSERT INTO `rights_table` VALUES ('38', '后台删除角色', '/RoleAction_deleteRole', null, '2147483648', '0', '\0');
INSERT INTO `rights_table` VALUES ('39', '后台管理员管理首页', '/AdminAction_getAllAdmins', null, '4294967296', '0', '\0');
INSERT INTO `rights_table` VALUES ('40', '后台更新管理员', '/AdminAction_editAdmin', null, '8589934592', '0', '\0');
INSERT INTO `rights_table` VALUES ('41', '后台保存管理员', '/AdminAction_saveOrUpdatAdmin', null, '17179869184', '0', '\0');
INSERT INTO `rights_table` VALUES ('42', '后台删除管理员', '/AdminAction_deleteAdmin', null, '34359738368', '0', '\0');
INSERT INTO `rights_table` VALUES ('44', '后台添加管理员', '/AdminAction_toAddAdminPage', null, '68719476736', '0', '\0');
INSERT INTO `rights_table` VALUES ('45', '后台审核新闻首页', '/NewsAction_getAllNotPassedNews', null, '137438953472', '0', '\0');
INSERT INTO `rights_table` VALUES ('46', '后台审核新闻详情', '/NewsAction_getExamineNews', null, '274877906944', '0', '\0');
INSERT INTO `rights_table` VALUES ('47', '后台改变新闻状态', '/NewsAction_changeNewsState', null, '549755813888', '0', '\0');
INSERT INTO `rights_table` VALUES ('48', '用户登录获取验证码', '/LoginAction_getRandomPictrue', null, '1099511627776', '0', '');
INSERT INTO `rights_table` VALUES ('49', '后台管理获取验证码', '/AdminAction_getRandomPictrue', null, '2199023255552', '0', '');
INSERT INTO `rights_table` VALUES ('51', '用户注册获取验证码', '/RegAction_getRandomPictrue', null, '4398046511104', '0', '');
INSERT INTO `rights_table` VALUES ('52', '搜索新闻', '/NewsAction_getSearchedNews', null, '8796093022208', '0', '');
INSERT INTO `rights_table` VALUES ('53', '后台修改密码', '/PasswordAction_changePassword', null, '17592186044416', '0', '\0');
INSERT INTO `rights_table` VALUES ('54', '管理员修改密码获取验证码', '/PasswordAction_getRandomPictrue', null, '35184372088832', '0', '');
INSERT INTO `rights_table` VALUES ('55', '后台修改密码首页', '/PasswordAction_toChangePassword', null, '70368744177664', '0', '\0');
INSERT INTO `rights_table` VALUES ('58', '新闻栏目专页', '/NewsTypeAction_getNews', null, '140737488355328', '0', '');
INSERT INTO `rights_table` VALUES ('59', '天气预报', '/WeatherAction_getWeather', null, '281474976710656', '0', '');
INSERT INTO `rights_table` VALUES ('60', '用户注销', '/UserAction_loginout', null, '562949953421312', '0', '');
INSERT INTO `rights_table` VALUES ('61', '用户登录页面', '/LoginAction_login', null, '1125899906842624', '0', '');
INSERT INTO `rights_table` VALUES ('62', '用户注册页面', '/RegAction_reg', null, '2251799813685248', '0', '');
INSERT INTO `rights_table` VALUES ('63', '后台登陆', '/AdminAction_login', null, '4503599627370496', '0', '');
INSERT INTO `rights_table` VALUES ('65', '后台用户注销', '/AdminAction_homePage', null, '18014398509481984', '0', '');
INSERT INTO `rights_table` VALUES ('66', '后台系统配置', '/AdminAction_sysConfig', null, '36028797018963968', '0', '');
INSERT INTO `rights_table` VALUES ('67', '密码修改', '/PasswordAction_transfer', null, '72057594037927936', '0', '');
INSERT INTO `rights_table` VALUES ('68', '后台初始页', '/AdminAction_home', '', '144115188075855872', '0', '');

-- ----------------------------
-- Table structure for roles_rights_link
-- ----------------------------
DROP TABLE IF EXISTS `roles_rights_link`;
CREATE TABLE `roles_rights_link` (
  `ROLE_ID` int(11) NOT NULL,
  `RIGHT_ID` int(11) NOT NULL,
  PRIMARY KEY (`ROLE_ID`,`RIGHT_ID`),
  KEY `FK_df78s6sdtsyfgd7sddfsdf` (`RIGHT_ID`),
  CONSTRAINT `FK_df78s6sdtsyfgd7sddfsdf` FOREIGN KEY (`RIGHT_ID`) REFERENCES `rights_table` (`ID`),
  CONSTRAINT `FK_df78s6sdtsyfgsdf435345jj` FOREIGN KEY (`ROLE_ID`) REFERENCES `roles_table` (`ID`)
) ENGINE=InnoDB DEFAULT CHARSET=utf8;

-- ----------------------------
-- Records of roles_rights_link
-- ----------------------------
INSERT INTO `roles_rights_link` VALUES ('1', '1');
INSERT INTO `roles_rights_link` VALUES ('2', '1');
INSERT INTO `roles_rights_link` VALUES ('3', '1');
INSERT INTO `roles_rights_link` VALUES ('1', '2');
INSERT INTO `roles_rights_link` VALUES ('2', '2');
INSERT INTO `roles_rights_link` VALUES ('3', '2');
INSERT INTO `roles_rights_link` VALUES ('1', '3');
INSERT INTO `roles_rights_link` VALUES ('2', '3');
INSERT INTO `roles_rights_link` VALUES ('3', '3');
INSERT INTO `roles_rights_link` VALUES ('1', '4');
INSERT INTO `roles_rights_link` VALUES ('2', '4');
INSERT INTO `roles_rights_link` VALUES ('3', '4');
INSERT INTO `roles_rights_link` VALUES ('1', '5');
INSERT INTO `roles_rights_link` VALUES ('2', '5');
INSERT INTO `roles_rights_link` VALUES ('3', '5');
INSERT INTO `roles_rights_link` VALUES ('1', '6');
INSERT INTO `roles_rights_link` VALUES ('2', '6');
INSERT INTO `roles_rights_link` VALUES ('3', '6');
INSERT INTO `roles_rights_link` VALUES ('1', '7');
INSERT INTO `roles_rights_link` VALUES ('2', '7');
INSERT INTO `roles_rights_link` VALUES ('3', '7');
INSERT INTO `roles_rights_link` VALUES ('1', '8');
INSERT INTO `roles_rights_link` VALUES ('2', '8');
INSERT INTO `roles_rights_link` VALUES ('3', '8');
INSERT INTO `roles_rights_link` VALUES ('1', '9');
INSERT INTO `roles_rights_link` VALUES ('2', '9');
INSERT INTO `roles_rights_link` VALUES ('3', '9');
INSERT INTO `roles_rights_link` VALUES ('1', '10');
INSERT INTO `roles_rights_link` VALUES ('2', '10');
INSERT INTO `roles_rights_link` VALUES ('3', '10');
INSERT INTO `roles_rights_link` VALUES ('1', '11');
INSERT INTO `roles_rights_link` VALUES ('2', '11');
INSERT INTO `roles_rights_link` VALUES ('3', '11');
INSERT INTO `roles_rights_link` VALUES ('1', '12');
INSERT INTO `roles_rights_link` VALUES ('2', '12');
INSERT INTO `roles_rights_link` VALUES ('1', '13');
INSERT INTO `roles_rights_link` VALUES ('2', '13');
INSERT INTO `roles_rights_link` VALUES ('3', '13');
INSERT INTO `roles_rights_link` VALUES ('1', '15');
INSERT INTO `roles_rights_link` VALUES ('2', '15');
INSERT INTO `roles_rights_link` VALUES ('3', '15');
INSERT INTO `roles_rights_link` VALUES ('1', '16');
INSERT INTO `roles_rights_link` VALUES ('2', '16');
INSERT INTO `roles_rights_link` VALUES ('3', '16');
INSERT INTO `roles_rights_link` VALUES ('1', '17');
INSERT INTO `roles_rights_link` VALUES ('2', '17');
INSERT INTO `roles_rights_link` VALUES ('3', '17');
INSERT INTO `roles_rights_link` VALUES ('1', '18');
INSERT INTO `roles_rights_link` VALUES ('2', '18');
INSERT INTO `roles_rights_link` VALUES ('1', '19');
INSERT INTO `roles_rights_link` VALUES ('2', '19');
INSERT INTO `roles_rights_link` VALUES ('3', '19');
INSERT INTO `roles_rights_link` VALUES ('1', '20');
INSERT INTO `roles_rights_link` VALUES ('1', '21');
INSERT INTO `roles_rights_link` VALUES ('1', '23');
INSERT INTO `roles_rights_link` VALUES ('2', '23');
INSERT INTO `roles_rights_link` VALUES ('3', '23');
INSERT INTO `roles_rights_link` VALUES ('1', '24');
INSERT INTO `roles_rights_link` VALUES ('1', '25');
INSERT INTO `roles_rights_link` VALUES ('1', '26');
INSERT INTO `roles_rights_link` VALUES ('1', '28');
INSERT INTO `roles_rights_link` VALUES ('1', '29');
INSERT INTO `roles_rights_link` VALUES ('1', '30');
INSERT INTO `roles_rights_link` VALUES ('1', '33');
INSERT INTO `roles_rights_link` VALUES ('1', '34');
INSERT INTO `roles_rights_link` VALUES ('1', '35');
INSERT INTO `roles_rights_link` VALUES ('1', '36');
INSERT INTO `roles_rights_link` VALUES ('1', '38');
INSERT INTO `roles_rights_link` VALUES ('1', '39');
INSERT INTO `roles_rights_link` VALUES ('1', '40');
INSERT INTO `roles_rights_link` VALUES ('1', '41');
INSERT INTO `roles_rights_link` VALUES ('1', '42');
INSERT INTO `roles_rights_link` VALUES ('1', '44');
INSERT INTO `roles_rights_link` VALUES ('1', '45');
INSERT INTO `roles_rights_link` VALUES ('1', '46');
INSERT INTO `roles_rights_link` VALUES ('1', '47');
INSERT INTO `roles_rights_link` VALUES ('1', '48');
INSERT INTO `roles_rights_link` VALUES ('1', '49');
INSERT INTO `roles_rights_link` VALUES ('1', '51');
INSERT INTO `roles_rights_link` VALUES ('1', '52');
INSERT INTO `roles_rights_link` VALUES ('1', '53');
INSERT INTO `roles_rights_link` VALUES ('1', '54');
INSERT INTO `roles_rights_link` VALUES ('1', '55');

-- ----------------------------
-- Table structure for roles_table
-- ----------------------------
DROP TABLE IF EXISTS `roles_table`;
CREATE TABLE `roles_table` (
  `ID` int(11) NOT NULL AUTO_INCREMENT,
  `ROLE_NAME` varchar(255) DEFAULT NULL,
  `ROLE_VALUE` varchar(255) DEFAULT NULL,
  `ROLE_DESC` varchar(255) DEFAULT NULL,
  PRIMARY KEY (`ID`)
) ENGINE=InnoDB AUTO_INCREMENT=4 DEFAULT CHARSET=utf8;

-- ----------------------------
-- Records of roles_table
-- ----------------------------
INSERT INTO `roles_table` VALUES ('1', '超级管理员', '0', '超级管理员，拥有一切权限.');
INSERT INTO `roles_table` VALUES ('2', '一级管理员', '1', '比超级管理员权限少');
INSERT INTO `roles_table` VALUES ('3', '二级管理员', '2', '比一级管理员权限少');

-- ----------------------------
-- Table structure for states_table
-- ----------------------------
DROP TABLE IF EXISTS `states_table`;
CREATE TABLE `states_table` (
  `ID` int(11) NOT NULL AUTO_INCREMENT,
  `STATE_NAME` varchar(255) DEFAULT NULL,
  PRIMARY KEY (`ID`)
) ENGINE=InnoDB AUTO_INCREMENT=4 DEFAULT CHARSET=utf8;

-- ----------------------------
-- Records of states_table
-- ----------------------------
INSERT INTO `states_table` VALUES ('1', '已通过');
INSERT INTO `states_table` VALUES ('2', '未通过');
INSERT INTO `states_table` VALUES ('3', '待审核');

-- ----------------------------
-- Table structure for users_table
-- ----------------------------
DROP TABLE IF EXISTS `users_table`;
CREATE TABLE `users_table` (
  `ID` int(11) NOT NULL AUTO_INCREMENT,
  `USERNAME` varchar(255) DEFAULT NULL,
  `PASSWORD` varchar(255) DEFAULT NULL,
  `EMAIL` varchar(255) DEFAULT NULL,
  `CREATE_TIME` datetime DEFAULT NULL,
  PRIMARY KEY (`ID`)
) ENGINE=InnoDB AUTO_INCREMENT=9 DEFAULT CHARSET=utf8;

-- ----------------------------
-- Records of users_table
-- ----------------------------
INSERT INTO `users_table` VALUES ('1', 'peter', 'E1010D123949B1059A11B1456E057F201588314', 'peter@qq.com', '2015-04-04 18:44:18');
INSERT INTO `users_table` VALUES ('3', 'neol', 'E1010D123949B1059A11B1456E057F201588314', 'neol@qq.com', '2015-04-06 14:25:00');
INSERT INTO `users_table` VALUES ('4', 'jack', 'E1010D123949B1059A11B1456E057F201588314', 'jack@qq.com', '2015-04-06 14:25:19');
INSERT INTO `users_table` VALUES ('7', 'xujie', 'E1010D123949B1059A11B1456E057F201588314', '5@qq.com', '2017-05-24 23:43:46');
INSERT INTO `users_table` VALUES ('8', 'test', 'E1010D123949B1059A11B1456E057F201588314', '55', '2017-05-28 19:53:45');

-- ----------------------------
-- Table structure for visitor_counters_table
-- ----------------------------
DROP TABLE IF EXISTS `visitor_counters_table`;
CREATE TABLE `visitor_counters_table` (
  `ID` int(11) NOT NULL AUTO_INCREMENT,
  `IP_ADDRESS` varchar(255) DEFAULT NULL,
  `CREATE_TIME` datetime DEFAULT NULL,
  `USER` int(11) DEFAULT NULL,
  `NEWS` int(11) DEFAULT NULL,
  PRIMARY KEY (`ID`),
  KEY `FK_2bwr4e9ey4cfvgvdp1m5ocuuk` (`USER`),
  KEY `FK_hc7qyk29112274jptjfl4mhwc` (`NEWS`),
  CONSTRAINT `FK_2bwr4e9ey4cfvgvdp1m5ocuuk` FOREIGN KEY (`USER`) REFERENCES `users_table` (`ID`),
  CONSTRAINT `FK_hc7qyk29112274jptjfl4mhwc` FOREIGN KEY (`NEWS`) REFERENCES `news_table` (`ID`)
) ENGINE=InnoDB AUTO_INCREMENT=108 DEFAULT CHARSET=utf8;

-- ----------------------------
-- Records of visitor_counters_table
-- ----------------------------
INSERT INTO `visitor_counters_table` VALUES ('51', '0:0:0:0:0:0:0:1', '2015-04-13 21:45:36', null, '68');
INSERT INTO `visitor_counters_table` VALUES ('52', '0:0:0:0:0:0:0:1', '2015-04-13 22:10:46', null, '6');
INSERT INTO `visitor_counters_table` VALUES ('53', '0:0:0:0:0:0:0:1', '2015-04-13 22:52:49', null, '45');
INSERT INTO `visitor_counters_table` VALUES ('54', '0:0:0:0:0:0:0:1', '2015-04-13 22:52:57', null, '45');
INSERT INTO `visitor_counters_table` VALUES ('55', '0:0:0:0:0:0:0:1', '2015-04-13 22:53:04', null, '45');
INSERT INTO `visitor_counters_table` VALUES ('56', '0:0:0:0:0:0:0:1', '2015-04-13 22:53:24', null, '6');
INSERT INTO `visitor_counters_table` VALUES ('57', '0:0:0:0:0:0:0:1', '2015-04-13 22:59:40', null, '24');
INSERT INTO `visitor_counters_table` VALUES ('58', '0:0:0:0:0:0:0:1', '2015-04-13 22:59:48', null, '45');
INSERT INTO `visitor_counters_table` VALUES ('59', '0:0:0:0:0:0:0:1', '2015-04-13 22:59:51', null, '45');
INSERT INTO `visitor_counters_table` VALUES ('60', '0:0:0:0:0:0:0:1', '2015-04-13 22:59:59', null, '15');
INSERT INTO `visitor_counters_table` VALUES ('61', '0:0:0:0:0:0:0:1', '2015-05-08 23:18:27', null, '36');
INSERT INTO `visitor_counters_table` VALUES ('62', '0:0:0:0:0:0:0:1', '2015-05-08 23:27:56', '1', '33');
INSERT INTO `visitor_counters_table` VALUES ('63', '0:0:0:0:0:0:0:1', '2015-05-08 23:28:00', '1', '43');
INSERT INTO `visitor_counters_table` VALUES ('64', '0:0:0:0:0:0:0:1', '2015-05-08 23:28:30', '1', '55');
INSERT INTO `visitor_counters_table` VALUES ('65', '0:0:0:0:0:0:0:1', '2015-05-08 23:44:52', '1', '55');
INSERT INTO `visitor_counters_table` VALUES ('66', '0:0:0:0:0:0:0:1', '2015-05-08 23:45:03', '1', '44');
INSERT INTO `visitor_counters_table` VALUES ('67', '0:0:0:0:0:0:0:1', '2015-05-08 23:45:06', '1', '20');
INSERT INTO `visitor_counters_table` VALUES ('68', '127.0.0.1', '2017-05-24 15:02:27', null, '15');
INSERT INTO `visitor_counters_table` VALUES ('70', '127.0.0.1', '2017-05-24 15:14:04', null, '18');
INSERT INTO `visitor_counters_table` VALUES ('71', '127.0.0.1', '2017-05-24 15:14:17', null, '43');
INSERT INTO `visitor_counters_table` VALUES ('72', '127.0.0.1', '2017-05-24 15:14:20', null, '9');
INSERT INTO `visitor_counters_table` VALUES ('73', '127.0.0.1', '2017-05-24 15:14:26', null, '6');
INSERT INTO `visitor_counters_table` VALUES ('74', '127.0.0.1', '2017-05-24 16:41:24', null, '23');
INSERT INTO `visitor_counters_table` VALUES ('75', '127.0.0.1', '2017-05-24 16:51:28', null, '45');
INSERT INTO `visitor_counters_table` VALUES ('76', '127.0.0.1', '2017-05-27 09:18:49', null, '45');
INSERT INTO `visitor_counters_table` VALUES ('77', '127.0.0.1', '2017-05-29 08:42:01', '7', '15');
INSERT INTO `visitor_counters_table` VALUES ('78', '127.0.0.1', '2017-05-29 10:11:02', null, '33');
INSERT INTO `visitor_counters_table` VALUES ('79', '127.0.0.1', '2017-05-29 15:47:29', null, '45');
INSERT INTO `visitor_counters_table` VALUES ('80', '127.0.0.1', '2017-05-29 15:54:29', null, '45');
INSERT INTO `visitor_counters_table` VALUES ('81', '127.0.0.1', '2017-05-29 15:54:34', null, '45');
INSERT INTO `visitor_counters_table` VALUES ('82', '127.0.0.1', '2017-05-29 15:55:13', '7', '45');
INSERT INTO `visitor_counters_table` VALUES ('83', '127.0.0.1', '2017-05-29 15:57:03', '7', '45');
INSERT INTO `visitor_counters_table` VALUES ('84', '127.0.0.1', '2017-05-29 16:06:51', null, '26');
INSERT INTO `visitor_counters_table` VALUES ('85', '127.0.0.1', '2017-05-29 16:08:04', '7', '45');
INSERT INTO `visitor_counters_table` VALUES ('86', '127.0.0.1', '2017-05-29 17:49:37', null, '45');
INSERT INTO `visitor_counters_table` VALUES ('87', '127.0.0.1', '2017-05-29 17:50:15', '7', '45');
INSERT INTO `visitor_counters_table` VALUES ('88', '127.0.0.1', '2017-05-29 17:50:36', null, '45');
INSERT INTO `visitor_counters_table` VALUES ('89', '127.0.0.1', '2017-05-29 17:50:45', null, '45');
INSERT INTO `visitor_counters_table` VALUES ('90', '127.0.0.1', '2017-05-29 17:57:18', null, '45');
INSERT INTO `visitor_counters_table` VALUES ('91', '127.0.0.1', '2017-05-29 17:57:39', '7', '45');
INSERT INTO `visitor_counters_table` VALUES ('92', '127.0.0.1', '2017-05-29 17:58:23', '7', '9');
INSERT INTO `visitor_counters_table` VALUES ('93', '127.0.0.1', '2017-05-29 17:58:27', '7', '44');
INSERT INTO `visitor_counters_table` VALUES ('94', '127.0.0.1', '2017-05-29 17:58:40', '7', '26');
INSERT INTO `visitor_counters_table` VALUES ('95', '127.0.0.1', '2017-05-29 17:59:05', '7', '35');
INSERT INTO `visitor_counters_table` VALUES ('96', '127.0.0.1', '2017-05-29 17:59:09', '7', '33');
INSERT INTO `visitor_counters_table` VALUES ('97', '127.0.0.1', '2017-05-29 17:59:12', '7', '16');
INSERT INTO `visitor_counters_table` VALUES ('98', '127.0.0.1', '2017-05-29 18:05:54', '7', '44');
INSERT INTO `visitor_counters_table` VALUES ('99', '127.0.0.1', '2017-05-29 18:05:59', '7', '41');
INSERT INTO `visitor_counters_table` VALUES ('100', '127.0.0.1', '2017-05-29 18:06:04', '7', '40');
INSERT INTO `visitor_counters_table` VALUES ('101', '127.0.0.1', '2017-05-29 18:06:08', '7', '47');
INSERT INTO `visitor_counters_table` VALUES ('102', '127.0.0.1', '2017-05-29 18:06:16', '7', '57');
INSERT INTO `visitor_counters_table` VALUES ('103', '127.0.0.1', '2017-05-29 18:09:47', '7', '68');
INSERT INTO `visitor_counters_table` VALUES ('104', '127.0.0.1', '2017-05-29 18:10:46', '7', '44');
INSERT INTO `visitor_counters_table` VALUES ('105', '127.0.0.1', '2017-05-29 18:19:26', '7', '43');
INSERT INTO `visitor_counters_table` VALUES ('106', '127.0.0.1', '2017-05-29 18:19:30', '7', '36');
INSERT INTO `visitor_counters_table` VALUES ('107', '127.0.0.1', '2017-05-30 22:09:58', null, '12');
SET FOREIGN_KEY_CHECKS=1;
